{
    "taxi": 0.6649493788000264, 
    "dar": -0.8158874515649601, 
    "tableta": -0.6331110824703718, 
    "bien": -0.3129179798981464, 
    "global": -1.3094998581375146, 
    "hervir": -1.3256538458744083, 
    "menos": -0.34525193396300785, 
    "femenino": 0.7676666319388907, 
    "salida": 0.5811018870803913, 
    "mandar": 0.3905212672086589, 
    "ese": -0.6871715096914374, 
    "demorar": -1.5391999211160088, 
    "anunciar": 0.5730217281302669, 
    "atento": 1.7987592223990425, 
    "decir": 0.5830255602707433, 
    "4": -0.6249582107130855, 
    "recomer": 1.962499964675002, 
    "magnífico": 1.2340740491035684, 
    "do": 0.9394658038926195, 
    "3": -0.3082883999824748, 
    "ya": -0.4511519788446281, 
    "auto": 0.42791045364217517, 
    "internet": -0.5895749688367518, 
    "agua": 0.7382425772303257, 
    "perfecto": 1.6017499903285808, 
    "lento": -1.4162277490511628, 
    "minuto": -2.111478875284586, 
    "desear": -1.8013124764552746, 
    "tanto": -0.6979347644783034, 
    "equivocar": -1.3388832062123897, 
    "traer": -1.9568888503975332, 
    "importante": -0.720183941116836, 
    "peor": -2.384121427533711, 
    "presenciar": 0.7356249485062538, 
    "móvil": -1.620493740706426, 
    "haber": -1.5468091578232341, 
    "decepcionar": -1.927499961450003, 
    "colmo": -1.3644615279656813, 
    "gran": -0.44631552339338043, 
    "silencio": -0.7924166258560208, 
    "delicioso": 3.6574997910000224, 
    "bueno": -1.0871078510319876, 
    "relajar": 1.3801249893154695, 
    "paso": -0.3490967845071506, 
    "pobre": -2.17066662822778, 
    "tardar": -1.8313623844810265, 
    "contar": -1.2147023626022455, 
    "encantador": 1.3283999685120023, 
    "descuidar": -1.2807695995569113, 
    "sueño": 0.6572750212506935, 
    "recomendable": 1.2537247700670988, 
    "nunca": 0.7195502171404162, 
    "torero": -0.3365925815408783, 
    "saltar": -0.5968623550560281, 
    "hermoso": 1.219719488705782, 
    "re": -0.9043104044787507, 
    "crudo": -1.8286153705491137, 
    "lastimar": -1.5457265457516935, 
    "perro": 0.5538463080729301, 
    "7": -0.3126479049574849, 
    "horrible": -2.935499850650017, 
    "calentar": -1.74599991270001, 
    "infortunio": -0.3885999922280001, 
    "encima": -1.486415366972344, 
    "rubio": -0.6166666408414153, 
    "increíble": 1.2717852519684076, 
    "iniciativa": -0.6911248890562636, 
    "variar": 1.3895999817293343, 
    "aceite": -1.6674166208944479, 
    "olor": -1.1108860745431823, 
    "caro": -1.0980198646548391, 
    "parecer": -2.1773057771807167, 
    "edición": 0.6794407031669057, 
    "cariñoso": 1.0634998936500115, 
    "bailar": 0.31334504931699814, 
    "super": 1.306509395341989, 
    "vergüenza": -1.8079999741714312, 
    "congelar": -1.1702752299329011, 
    "grabar": -0.9895823399417818, 
    "sofá": 0.3141999937160001, 
    "justo": 1.2116249929882816, 
    "gourmet": 1.3062499085625068, 
    "dudar": -1.6048808895378177, 
    "instaurar": 1.0206228109184428, 
    "clima": 1.6941499147460097, 
    "esperar": -0.30236567091449734, 
    "quemar": -2.4209998789500142, 
    "impetrar": -0.8267432426108345, 
    "claro": -1.2969965659447038, 
    "poquito": -0.48099997595000127, 
    "reclamar": -1.5938623656060278, 
    "lamentablemente": -1.7734374104414168, 
    "intenso": 0.5887499686000021, 
    "sobrino": -0.6804801244859318, 
    "siesta": 0.3823211308758908, 
    "tenia": -0.4202074616686198, 
    "usar": -0.3367050784360586, 
    "pantalla": -0.6693561511119409, 
    "siempre": -0.585400160175238, 
    "duda": -1.5771001814060934, 
    "feo": -1.5575060570125814, 
    "recomendar": 1.1306666591288896, 
    "abrazo": -0.37261010359302704, 
    "lamentable": -1.8662222118543221, 
    "mitad": -1.2463873533867362, 
    "encanto": 1.2950512668731098, 
    "abandonar": 0.8886195768981576, 
    "fase": -0.4722666579802224, 
    "más": -0.43837051198377336, 
    "dormir": 0.6708286737599891, 
    "saber": -0.3068408129944036, 
    "despertar": -0.9777976765215017, 
    "programar": 0.5640714128858849, 
    "tranquilo": 2.0343854353813224, 
    "todo": -0.35595130415676784, 
    "oler": 1.2785617622134329, 
    "placer": 1.5448124659773463, 
    "casi": -1.6095664078425573, 
    "muas": -0.34566665514444483, 
    "malo": -3.567256058078862, 
    "pieza": -0.5674999716250015, 
    "espectacular": 1.62004403172916, 
    "tampoco": -1.3365952127418104, 
    "insoportable": -1.0946249863171889, 
    "duro": -2.2638956470964158, 
    "este": -3.937904756810143, 
    "genial": 1.4630571326746944, 
    "ponencia": 0.3187707998215305, 
    "tirar": -1.1448945803493495, 
    "precio": -2.1672681849135516, 
    "ir": -1.268902765531301, 
    "mundo": 0.5061699057611072, 
    "disfrutar": 1.30815287784022, 
    "azul": -0.6319842252396326, 
    "vacío": -1.5757575522314065, 
    "excelente": 1.6126479382165555, 
    "guillermo": 0.5389999696200017, 
    "tan": 0.7505996158035466, 
    "microondas": -1.2163827893854222, 
    "novedad": 0.30270832223402844, 
    "poner": -0.3763119592401031, 
    "mio": -0.42647914508693696, 
    "caliente": -0.6188110793862632, 
    "cantábrico": 0.39187492162501125, 
    "lejos": 0.3927499842900009, 
    "seguidor": 0.3544999645500027, 
    "ideal": 2.378392776843227, 
    "5": -0.37430646081119007, 
    "pedazo": -1.0826666594488894, 
    "viento": -0.9269999536500025, 
    "milla": 0.5739999644666689, 
    "extremo": -0.347982767057268, 
    "papa": -1.120887205433932, 
    "eternidad": -1.214772832873051, 
    "gallardo": -1.5220813596451106, 
    "encantar": 2.055638608743743, 
    "mal": -1.8840728263292033, 
    "amojar": 1.4879613321789782, 
    "juventud": -0.5098958066487862, 
    "ka": -0.44129363075984984, 
    "mente": 0.6929891941472032, 
    "acelerar": -0.3391666333152803, 
    "cocina": 0.6531249216250075, 
    "flor": -0.4291120836419977, 
    "levantar": -1.0335290426046382, 
    "tranquilidad": 0.5464999726750014, 
    "aburrir": -1.2464081996172345, 
    "original": 0.5699999810000007, 
    "revolución": 1.0449999477500027
}