{
    "decepción": -0.5598447091852107, 
    "atención": 0.7343159042357456, 
    "olvidar": -0.7181237000427131, 
    "carne": -0.4367050384412233, 
    "menos": -0.523164776832225, 
    "destacar": 0.5189806144970933, 
    "también": 0.42421488168455657, 
    "frío": -1.1914484140588282, 
    "crudo": -0.9509270030574611, 
    "terminar": -0.583903134568398, 
    "0": -0.8920540576371777, 
    "atento": 1.021187814767182, 
    "decir": -0.47888461135613763, 
    "4": -0.8414167512639177, 
    "recomer": 1.2201865060872545, 
    "gustar": 0.7707833819443219, 
    "3": -0.6540923841679759, 
    "queso": -0.4516221827705567, 
    "amable": 0.6001786157292337, 
    "nada": -0.961921905582623, 
    "horrible": -0.7846272481199222, 
    "perfecto": 0.9698009992428198, 
    "lento": -0.6235831606633502, 
    "minuto": -1.1144682038846294, 
    "desear": -0.8598638875049649, 
    "traer": -1.1843192035599615, 
    "desastre": -1.2736698091376526, 
    "peor": -1.3219919931125341, 
    "pobre": -0.7054666998918357, 
    "decepcionar": -0.5873012479546811, 
    "exquisito": 1.3505321367579883, 
    "arroz": -0.4905052659984203, 
    "delicioso": 1.0986762632518756, 
    "música": 0.4277983660940303, 
    "bueno": 1.2899129091935095, 
    "chef": 0.5073524484823192, 
    "inmejorable": 0.5003178281139044, 
    "tardar": -1.2216452774522162, 
    "abundante": 0.9804605985270105, 
    "todo": 0.4356582098341751, 
    "recomendable": 1.6487752497243757, 
    "altamente": 0.6387392425445799, 
    "requerir": 0.46783265365783255, 
    "acorde": 0.45505476656030475, 
    "valer": 0.5557048970220588, 
    "luz": -0.30846494829815463, 
    "muy": 1.6255344276994816, 
    "hermoso": 0.5826709712731232, 
    "favor": -0.46266270005106797, 
    "bien": 0.9015674393792554, 
    "riquísimo": 0.7713843456775595, 
    "pagar": -0.6660273962211937, 
    "solo": -0.868029050179766, 
    "encima": -0.6627832766876536, 
    "papa": -0.7940035187489071, 
    "increíble": 0.8691328988647246, 
    "variar": 0.6250882954590836, 
    "aceite": -0.4673670256544324, 
    "olor": -0.45649710814067956, 
    "caro": -0.9091407540870046, 
    "parecer": -0.5856793432780807, 
    "cara": -0.5268020439312207, 
    "super": 0.9174859202504035, 
    "ambiente": 1.030785883211557, 
    "sabor": 0.44876718372622976, 
    "luego": -0.4890527685762258, 
    "probar": 0.6252419442491286, 
    "justo": 0.6631474628583693, 
    "bárbaro": 0.47405144420550605, 
    "chorizo": -0.4532939554240614, 
    "recalentar": -0.8401553660917613, 
    "sucio": -0.5315654489936041, 
    "quemar": -0.6439049288243405, 
    "agradable": 0.9266259567709466, 
    "hora": -0.7708487954077948, 
    "claro": -0.7547980138304342, 
    "ambientación": 0.731359372413771, 
    "cálido": 1.417523820454842, 
    "lamentable": -0.5961451583085745, 
    "amigo": 0.507785467055501, 
    "dejar": -0.6425087362680367, 
    "siempre": 0.9511965150783599, 
    "dueño": 0.5209060830562869, 
    "aire": 0.6095460856322579, 
    "llegar": -0.7875585607205834, 
    "duda": -1.6727781326543008, 
    "feo": -0.5284177671885454, 
    "recomendar": 1.253221113964899, 
    "vergüenza": -0.5145211477019087, 
    "milanés": -0.5258515618533086, 
    "freír": -0.5050477607443076, 
    "2": -0.9187730085132194, 
    "variedad": 0.4482793270583331, 
    "cuidar": 0.4396960472180568, 
    "venir": -0.494795135076599, 
    "demasiado": -0.6815324551780837, 
    "tranquilo": 1.1163179961688983, 
    "familia": 0.32948565254976026, 
    "postre": 0.45993355343158293, 
    "detalle": 0.7008339947302854, 
    "placer": 0.46365861204252545, 
    "grasa": -0.477580883973177, 
    "peso": -0.46419934529148593, 
    "malo": -2.135769930010652, 
    "pollo": -0.5580746302033881, 
    "espectacular": 0.8935252685782268, 
    "tampoco": -0.5213790522262253, 
    "sabroso": 0.782335170841584, 
    "duro": -1.0989966897542673, 
    "cordial": 0.50583948635914, 
    "genial": 0.7838451663362589, 
    "esmerar": 0.5109812115883071, 
    "disfrutar": 0.8108993937488209, 
    "perder": -0.5111924002163294, 
    "vacío": -0.6013616529673412, 
    "excelente": 2.6800048274777613, 
    "incomible": -0.67445168637124, 
    "mejor": 0.7559871724119078, 
    "mediocre": -0.6016771984291799, 
    "bastante": -0.9124805980361731, 
    "cobrar": -0.8591022338080587, 
    "medio": -0.626344802942998, 
    "cuenta": -0.43677534030552484, 
    "impecable": 1.0619778586361857, 
    "ideal": 1.0512934278931645, 
    "5": -0.8049498529877976, 
    "ensalada": -0.44240081035259077, 
    "imperdible": 0.635298364451214, 
    "sorprender": 0.47403440108012257, 
    "pedir": -1.170872543887717, 
    "lugar": 0.5559003598106363, 
    "cómodo": 0.45941250886799406, 
    "ruidoso": -0.562496322125974, 
    "maravilloso": 0.5222606607108801, 
    "devolver": -0.44226555864636896, 
    "fresco": 0.8154783395835603, 
    "pareja": 0.7073265178897424, 
    "encantar": 1.2584276888778512, 
    "regular": -1.0392903924451293, 
    "escaso": -0.6679077521199831, 
    "mesa": -0.6020663600093465, 
    "mal": -1.4742840399803503, 
    "sentir": 0.4235391182867478, 
    "musicar": 0.41645871646249716, 
    "rico": 0.9465447352079747, 
    "acogedor": 0.5557665127495666, 
    "seco": -0.9340090554929619, 
    "casero": 0.6439692895800131, 
    "después": -0.5230026637754137, 
    "volver": 1.2840755732270457
}