{
    "íntimo": 1.1044551405022338, 
    "hervir": -1.2376317510731372, 
    "ver": 0.40150283932095543, 
    "gente": 0.3099286235400919, 
    "maleducado": -0.961, 
    "frío": -1.6588997716492633, 
    "bien": 0.30124058812149246, 
    "asado": -0.9890112046594085, 
    "atento": 1.265703123852247, 
    "desastroso": -1.245522589797342, 
    "recomer": 1.3880816219673184, 
    "desilusionar": -0.9445717655058159, 
    "felicitación": 0.8998806877151987, 
    "cómodo": 1.1013185184149377, 
    "perfecto": 1.3479695592621088, 
    "lento": -1.1013125711293146, 
    "minuto": -1.2574285783311216, 
    "desear": -1.3609340654391124, 
    "equivocar": -1.6270336898309712, 
    "traer": -1.4421107736119179, 
    "desastre": -2.310323299333397, 
    "impresentable": -0.8924832851674992, 
    "lechuga": -1.2941017089602598, 
    "peor": -1.9004948567344975, 
    "pobre": -1.581999455041712, 
    "decepcionar": -1.5230871190381305, 
    "colmo": -1.2653399333415931, 
    "exquisito": 1.8133593054783108, 
    "delicioso": 2.071386142536439, 
    "relajar": 1.187373143469518, 
    "soso": -0.9473743568673849, 
    "inmejorable": 1.378255200873203, 
    "tardar": -1.7729442464180174, 
    "abundante": 1.0531244388504557, 
    "ruidoso": -1.0124826336668395, 
    "encantador": 0.6114863993293311, 
    "descuidar": -1.0976288426982994, 
    "creer": -0.34585509362865374, 
    "recomendable": 1.2155137636864188, 
    "altamente": 1.2425770445416044, 
    "requerir": 0.9862987380778461, 
    "malo": -1.6484688287459934, 
    "nunca": -0.4371096990088738, 
    "hermoso": 1.169103313062769, 
    "crudo": -1.673604054769172, 
    "lastimar": -1.0557278987032872, 
    "horrible": -1.8668210343535918, 
    "personalizar": 1.4431893700685154, 
    "súper": 0.6940000115666662, 
    "calidez": 1.0257437342296414, 
    "encima": -1.1985443636355868, 
    "fresco": 1.2613903546593142, 
    "increíble": 1.0592915254003996, 
    "variar": 1.1194650529974948, 
    "aceite": -0.9590661996335149, 
    "olor": -1.0411452327128339, 
    "interno": 0.5739381942745072, 
    "caro": -0.9643667158491228, 
    "pasable": -1.193279420659845, 
    "super": 0.9748552179999608, 
    "vergüenza": -1.4114588513111415, 
    "congelar": -1.1506882923573005, 
    "uruguayo": -0.5963474421778471, 
    "justo": 1.0627541007549235, 
    "delicia": 1.172501429113181, 
    "supuestamente": -0.9945072545201546, 
    "bárbaro": 1.0153866728859091, 
    "dudar": -0.8178324205675802, 
    "insoportable": -0.9151970020887354, 
    "zafar": -0.9627976007321095, 
    "mismo": -0.5854976618040503, 
    "clima": 1.0985284729074967, 
    "recalentar": -2.2136079213965334, 
    "desagradable": -0.7900286397325558, 
    "sucio": -1.4622680629702152, 
    "quemar": -1.551630710015098, 
    "agradable": 1.088854827528104, 
    "claro": -1.2315038570564887, 
    "reclamar": -1.273276915978077, 
    "lamentablemente": -1.1144209572428725, 
    "buenísimo": 1.0829850935058707, 
    "patético": -1.0350527966600735, 
    "servicial": -0.6982016720907184, 
    "cálido": 2.072693101801741, 
    "espantoso": -1.1089496548209477, 
    "demorar": -0.9111764737955309, 
    "tirar": -0.9594313860278557, 
    "amenaza": 0.4141050486233955, 
    "dejar": 0.3006544136080039, 
    "combinación": 1.1223236521599318, 
    "sabroso": 1.3366601923893755, 
    "duda": -0.8092252362487513, 
    "feo": -1.4462402874686437, 
    "recomendar": 0.8010934806217004, 
    "calentar": -1.1630710551651142, 
    "lamentable": -1.7498449969893706, 
    "mitad": -0.7973923375319715, 
    "encanto": 0.9752267517572704, 
    "decepcionante": -1.1996527241958141, 
    "excepcional": 0.9567304753068352, 
    "defraudar": -0.9782231888691163, 
    "pacto": -0.8787175658524702, 
    "día": 0.44974087019685516, 
    "rescatable": -1.285121287527258, 
    "gomoso": -1.2256712856435235, 
    "tranquilo": 1.278641887140744, 
    "exquisitez": 0.937317061208812, 
    "imperdible": 1.770606528349151, 
    "limpio": 0.9614319454771463, 
    "insulso": -1.2963251955638642, 
    "confortable": 1.0421146241954262, 
    "palpar": 0.5175996310013765, 
    "placer": 1.1195157838021497, 
    "grasa": -1.4802478137091133, 
    "riquísimo": 1.9129035221358615, 
    "degustación": 1.0028178014318507, 
    "insípido": -1.356947532023064, 
    "estupendo": 1.0073211487174827, 
    "flojo": -1.055509524842509, 
    "accesible": 0.9804654107988396, 
    "espectacular": 1.3704768839987709, 
    "tampoco": -1.0315315895056807, 
    "sublime": 0.9744550126640992, 
    "incomible": -1.9910199117295921, 
    "cordial": 1.272043089325796, 
    "genial": 1.2576718479732207, 
    "desabrida": -0.947795388434512, 
    "velada": 0.9965616758098954, 
    "aceitoso": -1.11010496050588, 
    "esmerar": 0.9319915827890478, 
    "disfrutar": 0.8226042308675732, 
    "vacío": -1.174605139843228, 
    "excelente": 1.5455961804462008, 
    "cocer": -0.716000011933333, 
    "mediocre": -1.337949834287314, 
    "microondas": -1.0568368735606422, 
    "cobrar": -1.1735014590754684, 
    "impecable": 1.814370869977157, 
    "ideal": 1.711317913157968, 
    "pedazo": -0.9672358534185315, 
    "pretencioso": -0.788874701373802, 
    "maravilloso": 1.2483545334225554, 
    "papa": -1.0167385982715558, 
    "eternidad": -0.9669235510160409, 
    "milanés": -1.0855089165643907, 
    "horroroso": -0.5467392074339528, 
    "encantar": 1.5945544470764659, 
    "regular": -2.234022501155096, 
    "escaso": -1.1797753106165876, 
    "grasoso": -1.4290159455339764, 
    "aceptable": -1.0423792374743346, 
    "mal": -1.5387322727603154, 
    "amojar": 1.0904482512911429, 
    "encargado": -0.9459047310689311, 
    "desilusión": -1.286188846859476, 
    "acogedor": 1.3521610765809633, 
    "seco": -1.579149608521167, 
    "levantar": -0.9682345696847025, 
    "casero": 0.8828605685356008, 
    "aburrir": -0.9823072243546966
}