{
    "atención": 0.7210580148738721, 
    "íntimo": 1.1769728073031416, 
    "correo": -0.45496685403674475, 
    "hervir": -1.183697668393232, 
    "sublime": 0.9683796907425108, 
    "maleducado": -0.9546757102543677, 
    "frío": -1.6893743326065476, 
    "asado": -0.9885668803132293, 
    "nadie": -0.5060408727482119, 
    "atento": 1.2600066132898573, 
    "lamentablemente": -1.4612462301542182, 
    "recomer": 0.8060692262865654, 
    "magnífico": 0.9713581851052023, 
    "desilusionar": -0.9123911217300694, 
    "felicitación": 1.319467386242178, 
    "lado": 0.4824206962915616, 
    "cómodo": 1.1492724906695222, 
    "perfecto": 2.109093696965002, 
    "lento": -1.4263450700271687, 
    "minuto": -1.3150470594123123, 
    "desear": -1.32987491266961, 
    "equivocar": -1.1260715775718684, 
    "traer": -1.476946294313055, 
    "desastre": -2.2091755839770526, 
    "impresentable": -0.986705205341876, 
    "peor": -2.0357339782280466, 
    "pobre": -1.6836340177258362, 
    "decepcionar": -1.5639665384349837, 
    "colmo": -1.250589043184398, 
    "exquisito": 2.0757575916029523, 
    "entender": -0.309512614699186, 
    "seco": -1.346791731707422, 
    "delicioso": 2.070232865268867, 
    "relajar": 1.2241286477007436, 
    "cálido": 2.02397720414477, 
    "inmejorable": 1.6294474826719019, 
    "tardar": -2.9447165650497835, 
    "abundante": 1.0766864804350091, 
    "encantador": 0.983420652068044, 
    "descuidar": -1.1444976455066298, 
    "recomendable": 1.2531203969491267, 
    "gol": -0.3338306110374751, 
    "altamente": 1.1631964996066093, 
    "requerir": 1.226120084754047, 
    "malo": -2.866041764795535, 
    "hermoso": 1.1091701522059332, 
    "crudo": -1.6899874969796163, 
    "lastimar": -0.468652521927044, 
    "horrible": -1.7892407772982777, 
    "personalizar": 1.433756803193352, 
    "reproductor": 0.3925649319114957, 
    "súper": 0.7688670462532878, 
    "calidez": 0.66871513038774, 
    "saludo": -0.5417789538874772, 
    "encima": -0.9077754892751292, 
    "fresco": 1.265314243218392, 
    "increíble": 0.7109286483361686, 
    "variar": 1.0954684641424437, 
    "aceite": -1.1484951467933142, 
    "olor": -1.0824194439982089, 
    "caro": -0.9735054468015562, 
    "asi": -0.48372897648949664, 
    "pasable": -1.1145636876958749, 
    "super": 1.1091693103337308, 
    "vergüenza": -1.9866245718098878, 
    "congelar": -1.0758653891587941, 
    "k": 0.4313529908914206, 
    "justo": 1.0231378343735948, 
    "encantar": 1.157597756343166, 
    "supuestamente": -1.007244695409841, 
    "duda": -1.0410183972545817, 
    "bárbaro": 1.2922038536471656, 
    "dudar": -1.0731790875124863, 
    "insoportable": -0.9708504400373321, 
    "zafar": -1.35644497891116, 
    "clima": 1.0222363211475451, 
    "recalentar": -2.196155692061322, 
    "desagradable": -1.1752981525312782, 
    "sucio": -1.4555984249645466, 
    "quemar": -1.6054035544671987, 
    "agradable": 0.9705463321457408, 
    "claro": -1.0935693722848274, 
    "reclamar": -1.3615402798226148, 
    "desastroso": -1.3199503810792106, 
    "genial": 1.821451069939807, 
    "buenísimo": 1.1500375309482223, 
    "mucho": 0.5181171236668001, 
    "soso": -1.0291050588234432, 
    "espantoso": -1.088596392351426, 
    "maravilla": -0.4543958328762192, 
    "rápido": 0.4724538566995437, 
    "dejar": 0.4359599552874355, 
    "combinación": 0.9928763579902791, 
    "sabroso": 1.2938202767535703, 
    "uso": -0.3263327884263594, 
    "feo": -0.6103268117895223, 
    "recomendar": 1.310683983976096, 
    "calentar": -1.1620072160470223, 
    "lamentable": -1.7781818106336584, 
    "mitad": -0.9714205012738788, 
    "encanto": 0.976569269636186, 
    "decepcionante": -1.0896793805265685, 
    "poder": 0.4906694127731206, 
    "excepcional": 0.9829055900457084, 
    "patético": -1.0505773955178177, 
    "defraudar": -1.000463027477847, 
    "pacto": -0.9677376653076897, 
    "rescatable": -1.3041125643666938, 
    "gomoso": -1.15858790885751, 
    "tranquilo": 1.5456864549163158, 
    "itas": -0.7428361176502482, 
    "exquisitez": 0.956332445055091, 
    "imperdible": 1.6788567905159069, 
    "descargar": 0.3986977186146434, 
    "limpio": 1.0057249515850053, 
    "insulso": -1.3243837172429411, 
    "confortable": 0.9877221439832742, 
    "lechuga": -1.2939483536086505, 
    "placer": 1.1742306956032242, 
    "grasa": -1.5643505175641608, 
    "riquísimo": 1.8986298324298923, 
    "degustación": 1.0209970680413412, 
    "insípido": -1.34589487201796, 
    "estupendo": 0.9737916083183157, 
    "flojo": -1.0307745349152408, 
    "accesible": 0.9838110646084164, 
    "espectacular": 1.4917138234059986, 
    "tampoco": -0.9653896384497557, 
    "desabrida": -0.9925372104317841, 
    "incomible": -1.9908686136521392, 
    "duro": -1.543916824678992, 
    "cordial": 1.2447722130748953, 
    "acercar": -0.8181281843987954, 
    "tirar": -0.7848644875595704, 
    "pretencioso": -0.9548105347981668, 
    "velada": 0.9981176959258573, 
    "aceitoso": -1.2436135812655766, 
    "cierre": -0.3566593565751953, 
    "esmerar": 0.9603861557108374, 
    "disfrutar": 0.5035865200703787, 
    "vacío": -1.1917031645792595, 
    "excelente": 2.046630475849189, 
    "cocer": -1.0604723284683812, 
    "salvar": 0.8271829046208611, 
    "mediocre": -1.5448531804472756, 
    "bastante": -0.40934051555056883, 
    "microondas": -1.0365605930776838, 
    "cobrar": -1.3159389027881205, 
    "poner": 0.36682616173850585, 
    "impecable": 1.8472174481862695, 
    "ideal": 1.663216508266931, 
    "pedazo": -0.9839732952897826, 
    "ruidoso": -0.9112253049981355, 
    "maravilloso": 1.2453205762157242, 
    "demorar": -0.9480919161304615, 
    "papa": -1.0215755282990946, 
    "eternidad": -0.6673543760242753, 
    "milanés": -1.185579901283161, 
    "delicia": 1.0883422611599494, 
    "regular": -2.2015854319685877, 
    "escaso": -1.3498681382428168, 
    "grasoso": -1.344122489448785, 
    "aceptable": -1.0165757164993303, 
    "mal": -1.5356150450114738, 
    "amojar": 1.554341353002044, 
    "encargado": -1.060658166162382, 
    "gracia": -0.30208944915051156, 
    "desilusión": -1.191463866175969, 
    "acogedor": 1.3091420781903509, 
    "forzar": -0.7222929599391157, 
    "adictivo": 0.3168744936499933, 
    "levantar": -0.99057492279129, 
    "casero": 0.960694150013322, 
    "aburrir": -1.0952876897534205
}