{
    "decepción": -1.6227550764015486, 
    "íntimo": 1.2229203556046102, 
    "hervir": -0.7638057805251627, 
    "impecable": 1.7780332571871427, 
    "gente": -0.6088181329895102, 
    "maleducado": -0.9598787609904653, 
    "frío": -2.242772639398663, 
    "asado": -1.0064899294956113, 
    "nadie": -0.3092099830519293, 
    "atento": 1.4155179878252928, 
    "desastroso": -1.2436987631781844, 
    "recomer": 0.8176901760223, 
    "magnífico": 0.978075547793313, 
    "desilusionar": -0.9639235997767265, 
    "felicitación": 1.2856197160889837, 
    "cansar": -0.5720292376274645, 
    "cómodo": 1.288970817253346, 
    "extraño": -0.5879138386582594, 
    "historia": 0.31082033286736427, 
    "perfecto": 1.2988867919960816, 
    "lento": -1.076224193541524, 
    "minuto": -1.3112153534014084, 
    "desear": -1.3600441572332755, 
    "equivocar": -1.2038900695901817, 
    "traer": -1.2808766326081875, 
    "desastre": -2.340749198786144, 
    "impresentable": -0.9654374293325958, 
    "peor": -1.3530749212100577, 
    "realismo": -0.6424285654184829, 
    "pobre": -1.4139717679504324, 
    "decepcionar": -1.3900280653096093, 
    "colmo": -1.2568769635419863, 
    "ganar": -0.4186573301638873, 
    "exquisito": 1.9867394771991191, 
    "entender": 0.41741949248683174, 
    "delicioso": 2.001300199661665, 
    "relajar": 1.2116631548448245, 
    "soso": -1.3436301112429205, 
    "inmejorable": 1.6370971431108803, 
    "tardar": -1.8921070146978822, 
    "abundante": 1.0336659760775964, 
    "encantador": 1.0073271206607337, 
    "descuidar": -1.14084099871932, 
    "creer": 0.3237037861409834, 
    "sólo": -0.552818556785321, 
    "altamente": 1.1346744813903493, 
    "héroe": -0.35356850760305636, 
    "requerir": 1.2445824022781675, 
    "malo": -1.7479324938129988, 
    "muy": -0.38960274888589597, 
    "calefacción": 1.1094572179578297, 
    "hermoso": 1.1641419827033472, 
    "poco": -0.31000640281275677, 
    "crudo": -1.4782671889746823, 
    "lastimar": -1.0455574205412868, 
    "estar": -0.3498431462529052, 
    "riquísimo": 1.922, 
    "personalizar": 1.3896861233192326, 
    "estupendo": 1.299295806127979, 
    "súper": 0.8933702714018876, 
    "calidez": 1.01806340645869, 
    "pequeño": -0.3347941931170588, 
    "encima": -2.243603137014346, 
    "ordenador": 0.39258340028544464, 
    "increíble": 0.47853083609949426, 
    "variar": 1.1346257590050841, 
    "aceite": -0.964388084792056, 
    "olor": -1.1618597277290628, 
    "caro": -0.9592809375931501, 
    "super": 0.6997657014854323, 
    "vergüenza": -1.565346332099521, 
    "congelar": -1.138665998884399, 
    "justo": 1.9285138489627571, 
    "delicia": 1.1873292875103012, 
    "supuestamente": -0.9903356298279224, 
    "bárbaro": 0.9687488893096805, 
    "dudar": -0.9162252235836109, 
    "insoportable": -0.854476711968746, 
    "zafar": -1.3564496323479327, 
    "clima": 1.113869026952391, 
    "recalentar": -2.243196512018141, 
    "desagradable": -1.0535838791381027, 
    "sucio": -1.7166182763478766, 
    "quemar": -1.5984329046457866, 
    "agradable": 1.0095433649416874, 
    "claro": -1.110608480898394, 
    "extra": -0.5604910035946892, 
    "lamentablemente": -1.1237448557618561, 
    "buenísimo": 0.9646996082574684, 
    "patético": -1.0461688621007947, 
    "adinerar": -0.8467917822787361, 
    "sabroso": 1.2897945360937084, 
    "cálido": 1.6467717148684653, 
    "espantoso": -1.0657603206861586, 
    "lamentable": -1.7453261192962561, 
    "tirar": -1.1500130931466717, 
    "milanés": -1.1843125711841964, 
    "combinación": 1.0890109179889917, 
    "cosa": 0.30288628157125425, 
    "duda": -0.8506200281259725, 
    "feo": -1.1241112045541355, 
    "recomendar": 2.5255003247141827, 
    "calentar": -1.150948900317324, 
    "comida": -1.0920544937814731, 
    "mitad": -0.7237073070551809, 
    "encanto": 0.9217210298416314, 
    "asesino": 0.48372019100558367, 
    "decepcionante": -1.1813441031800234, 
    "velada": 0.9983080663874363, 
    "absolutamente": 0.46121441846518973, 
    "excepcional": 0.8721296682818107, 
    "defraudar": -1.0012231233232265, 
    "pacto": -0.8063701469479784, 
    "día": 0.48892721710470083, 
    "rescatable": -1.2978846347028692, 
    "gomoso": -1.313, 
    "pensar": 0.65615139675012, 
    "tranquilo": 1.5581418848234365, 
    "exquisitez": 0.9573356881821171, 
    "imperdible": 1.8222845610951628, 
    "horrible": -1.6303610353066644, 
    "limpio": 1.0381274649531191, 
    "insulso": -1.348472568301096, 
    "reclamar": -1.3328063353851383, 
    "confortable": 1.0602016766722002, 
    "lechuga": -1.2561189949588552, 
    "placer": 1.138794922188972, 
    "grasa": -1.1379087192533992, 
    "degustación": 1.0210826211200235, 
    "insípido": -1.3562000796839113, 
    "ropa": 0.4307067820408673, 
    "flojo": -1.0372157343636779, 
    "accesible": 0.9527320630156103, 
    "espectacular": 1.3378011249591082, 
    "tampoco": -1.745630542872807, 
    "sublime": 0.9779378421214826, 
    "incomible": -1.894977706219154, 
    "duro": -1.5247007755513529, 
    "cordial": 1.2849856232381407, 
    "genial": 1.4359702737459386, 
    "desabrida": -0.9483110542979665, 
    "pretencioso": -0.9594338348726076, 
    "precio": 0.38741084260611663, 
    "aceitoso": -1.0113659340568983, 
    "fresco": 1.2650342305524986, 
    "esmerar": 0.9660512405997393, 
    "disfrutar": 0.8016203558833299, 
    "vacío": -1.1855918391617548, 
    "excelente": 1.3772886035408454, 
    "cocer": -1.0285229642066174, 
    "mediocre": -1.5381191642872654, 
    "voz": 0.5054650681699248, 
    "microondas": -0.7717784233455801, 
    "cobrar": -1.2907570835896158, 
    "recomendable": 1.73127665582564, 
    "ideal": 1.7162978691889705, 
    "bastante": -0.3684575751105984, 
    "pedazo": -1.0181417947184972, 
    "ruidoso": -0.9573947799311321, 
    "maravilloso": 1.0590867791481409, 
    "demorar": -0.9289754639297314, 
    "papa": -0.9999922632818592, 
    "eternidad": -0.979, 
    "pasable": -1.050617876459068, 
    "encantar": 1.500820340666203, 
    "regular": -2.170874379653878, 
    "escaso": -1.4368336896407552, 
    "grasoso": -1.4239770807100833, 
    "infancia": 0.7961342106611925, 
    "aceptable": -1.0233240921934006, 
    "mal": -1.260063056630805, 
    "amojar": 1.2365916718487115, 
    "encargado": -1.0568012344744424, 
    "desilusión": -1.1429554832636117, 
    "acogedor": 1.3687826352887553, 
    "seco": -1.5838672506460107, 
    "adictivo": 1.2688937354511813, 
    "levantar": -1.0195128233385478, 
    "casero": 0.9444556362181193, 
    "todavía": 0.8007458624568491, 
    "aburrir": -0.9945395710432471
}