{
    "atención": 0.729773155691942, 
    "amable": 0.5613398236760486, 
    "carne": -0.4920123519112715, 
    "menos": -0.5320199580162794, 
    "destacar": 0.42633172497928007, 
    "también": 0.6701050826049767, 
    "frío": -1.292, 
    "crudo": -0.9496720593773531, 
    "terminar": -0.3810516790915189, 
    "rico": 0.7604888773115883, 
    "atento": 1.0175859102147666, 
    "decir": 0.7885635200274761, 
    "4": -0.4406708037025704, 
    "recomer": 1.1790075839072947, 
    "pasar": -0.6262123033872012, 
    "real": -0.3518937007154395, 
    "do": 0.4472087842786476, 
    "gustar": 0.4487601158272666, 
    "3": -0.6080149481139643, 
    "queso": -0.43779129848078274, 
    "olvidar": -0.5359894003135975, 
    "sorprender": 0.4416371813966234, 
    "cómodo": 0.43678336270554957, 
    "perfecto": 0.8522218040084056, 
    "lento": -0.5583080273491405, 
    "volver": 0.7716291192267779, 
    "desear": -1.0051127707327412, 
    "traer": -1.2697627858849918, 
    "desastre": -1.179412061512435, 
    "peor": -1.1746457734517406, 
    "pobre": -0.7058761847944457, 
    "decepcionar": -0.5971424170086574, 
    "exquisito": 1.122054017042022, 
    "arroz": -0.4605805542300483, 
    "delicioso": 1.0559689521503166, 
    "música": 0.41291517311012577, 
    "bueno": 1.0572793217184875, 
    "inmejorable": 0.4784337419775354, 
    "tardar": -1.131705014551797, 
    "abundante": 0.9797342193808556, 
    "recomendable": 1.2868197136850796, 
    "altamente": 0.4920949000808126, 
    "requerir": 0.4372325783071418, 
    "valer": 0.5511759319083821, 
    "muy": 0.8541905917425248, 
    "hermoso": 0.4837511176427957, 
    "favor": -0.406109610070127, 
    "bien": 0.5709206718906389, 
    "horrible": -0.7574713577490553, 
    "pagar": -0.6266815204981465, 
    "solo": -0.6884204851064575, 
    "encima": -0.777788844637803, 
    "papa": -0.7161608519396317, 
    "increíble": 0.8195291685107585, 
    "variar": 0.5574390717827205, 
    "aceite": -0.4030723342890119, 
    "recalentar": -0.841, 
    "caro": -0.968168255136719, 
    "parecer": -1.1931746065814264, 
    "cara": -0.532946501509611, 
    "super": 0.9082950990700135, 
    "ambiente": 0.9238931602678458, 
    "sabor": 0.5036298696263328, 
    "luego": -0.41225711950825933, 
    "probar": 0.6095769839472065, 
    "precio": -0.4701997461589096, 
    "bárbaro": 0.4107603224417802, 
    "instaurar": 0.44219296069942626, 
    "chorizo": -0.42194985929887974, 
    "esperar": -0.6390173153684255, 
    "recomendar": 1.1590211714248968, 
    "sucio": -0.48435745438282, 
    "quemar": -0.4012778889734283, 
    "agradable": 0.925, 
    "hora": -0.8770668233466657, 
    "claro": -0.45251536510038515, 
    "ambientación": 0.6734752069918906, 
    "jugar": -0.35125741793996396, 
    "cálido": 1.3804195862942923, 
    "lamentable": -0.4407233281614115, 
    "amigo": 0.5153527468784054, 
    "dejar": -0.9722379523282022, 
    "dueño": 0.4878615480980458, 
    "aire": 0.4556003965136065, 
    "llegar": -1.0135809735718775, 
    "duda": -0.88057062698643, 
    "feo": -0.5256682919805323, 
    "llenar": 0.34547306264739835, 
    "vergüenza": -0.3705921923264916, 
    "milanés": -0.4893710405321307, 
    "freír": -0.4660224857046855, 
    "cuidar": 0.38775733584710975, 
    "venir": -0.5243659337075105, 
    "demasiado": -0.7432933714411457, 
    "tranquilo": 1.0393624306368232, 
    "familia": 0.3507691318523443, 
    "mercado": 0.3658279652518657, 
    "postre": 0.40164923072317565, 
    "detalle": 0.7176450186875593, 
    "oler": 0.49870848751930913, 
    "placer": 0.39567556928052217, 
    "grasa": -0.3297465348962175, 
    "peso": -0.4402439722038808, 
    "malo": -1.6232322037916431, 
    "pollo": -0.5203734527659636, 
    "espectacular": 0.6656120809634127, 
    "tampoco": -0.6320694357384812, 
    "k": 0.3341500933198157, 
    "sabroso": 0.7573131508717585, 
    "duro": -1.0035574617856673, 
    "cordial": 0.5201960260080101, 
    "genial": 0.7802052617211233, 
    "mejor": 2.151390838094752, 
    "justo": 0.3316337932629043, 
    "esmerar": 0.4713352106262838, 
    "disfrutar": 0.6806508653729013, 
    "perder": -0.4958175350826833, 
    "vacío": -0.5554993373064424, 
    "excelente": 2.4894440391214196, 
    "incomible": -0.6415428763633274, 
    "follar": -0.4315416791965102, 
    "mediocre": -0.47638038411536865, 
    "bastante": -0.5055821789049886, 
    "cobrar": -0.896, 
    "medio": -0.31402276957792474, 
    "cuenta": -0.3084107143488935, 
    "impecable": 1.0114062894952711, 
    "ideal": 1.012955428676939, 
    "5": -0.5197543660556742, 
    "ensalada": -0.43248153966169417, 
    "imperdible": 0.38503423320170843, 
    "pedir": -1.1433804834682004, 
    "lugar": 0.7878480647521882, 
    "ruidoso": -0.546014521943158, 
    "maravilloso": 0.48852394842501234, 
    "devolver": -0.6058432854633807, 
    "fresco": 0.7565805773669099, 
    "pareja": 0.5974078934287956, 
    "encantar": 1.266543653236382, 
    "regular": -1.0521733108382099, 
    "escaso": -0.5867912121415321, 
    "mesa": -0.6054699408396043, 
    "mal": -1.1631276193848412, 
    "sentir": 0.38456270260289227, 
    "musicar": 0.43147259401652394, 
    "acogedor": 0.49701448162084566, 
    "seco": -0.7780565128801326, 
    "casero": 0.37564799587662373, 
    "después": -0.3582432338691909, 
    "minuto": -0.9062458895200597
}