{
    "ahí": -0.3230405071437324, 
    "salida": -0.5326865940576822, 
    "tener": -0.8846630038301303, 
    "momento": -0.6430944848797905, 
    "descubrir": 0.40833331427777875, 
    "mayor": -0.6749373061862979, 
    "también": 0.3521833946075272, 
    "ver": 0.8142514961455294, 
    "junio": -0.5127187329093756, 
    "formación": 0.4551729788196551, 
    "bosque": -0.9078749470406282, 
    "vida": -0.6861314126346917, 
    "realmente": -0.6393983678005911, 
    "ese": -0.4933304285757835, 
    "retirar": -0.6333868709150104, 
    "aun": -0.39613110473416613, 
    "atento": 1.6824682332488958, 
    "decir": -0.8242898944395096, 
    "valor": -0.6595704089772595, 
    "echar": -0.7444150904874354, 
    "magnífico": 1.0641414101593205, 
    "felicitación": 2.048833229094456, 
    "hectárea": -0.9032897222741443, 
    "ya": -0.316934101470897, 
    "nada": -0.45289813779769234, 
    "cómodo": 1.1862666644982223, 
    "estrella": 0.5294999735250013, 
    "perfecto": 1.4393226710480975, 
    "fuerte": 0.31753550095792366, 
    "equivocar": -2.0528827302173545, 
    "trufar": -0.5969114202519143, 
    "traer": -1.487644707772061, 
    "así": 0.5146441734032167, 
    "desastre": -3.262327606345154, 
    "bomba": -0.7760155848764669, 
    "peor": -2.1258196126787907, 
    "pobre": -2.0349999694750016, 
    "querer": -0.3262986481113828, 
    "cosa": -0.3075286026594393, 
    "haber": -0.48390546329870365, 
    "hablar": 0.6972682292029271, 
    "honesto": -0.4309317748450103, 
    "tardar": -1.9575299713969323, 
    "relación": -0.3767003947814999, 
    "todo": -0.5898888006606157, 
    "pesar": -0.4563895744103289, 
    "manteca": -0.5497916363576406, 
    "requerir": 1.275812490439671, 
    "juego": 0.5191353576611162, 
    "técnicamente": -0.4578749847375006, 
    "crudo": -2.3347499416312543, 
    "lastimar": -1.0805269117364484, 
    "estar": 0.9409950879102763, 
    "precio": 0.5273471486714962, 
    "horrible": -2.107040385787668, 
    "calentar": -1.5034999680708356, 
    "encima": -1.3985231354662344, 
    "papa": -1.0894365914838642, 
    "increíble": 1.3219073954202512, 
    "variar": 1.1930909076022038, 
    "olor": -1.5083749622906275, 
    "caro": -1.202499975950002, 
    "parecer": 0.5652134874265257, 
    "mínimo": -0.3573052627490521, 
    "super": 1.3590499715246689, 
    "vergüenza": -1.6809735904169352, 
    "jugoso": 0.3237499919062502, 
    "necesario": -0.4529474488617245, 
    "uruguayo": -1.2102875364780732, 
    "ocre": 0.6117035360444504, 
    "justo": 1.3077857014826026, 
    "poner": -0.3695933847838152, 
    "bárbaro": 1.291, 
    "regular": -2.5195507038718254, 
    "clima": 1.3017326261382771, 
    "desagradable": -1.18137613378032, 
    "sucio": -1.8812499623750027, 
    "quemar": -2.1519999506833374, 
    "agradable": 1.3587115186834697, 
    "claro": -1.4228480215854742, 
    "lamentablemente": -1.1633749993615625, 
    "mucho": 0.4581399412567582, 
    "potencial": -0.4533666522021117, 
    "agregar": -0.7068552353938359, 
    "espantoso": -1.3949999651250038, 
    "modelo": 0.5653225904492272, 
    "crisis": -0.5518439602701327, 
    "huracán": 0.6168749568187532, 
    "amenaza": 1.0067816440465263, 
    "dejar": 0.5618877116054485, 
    "siempre": 0.6265072848197373, 
    "duda": -1.2268048722579967, 
    "feo": -1.4814469678098199, 
    "recomendar": 1.107658912081517, 
    "mitad": -0.8893722812388706, 
    "firmar": -0.6033657910968387, 
    "vidrio": 0.5208333060763903, 
    "criterio": -0.3974142716136298, 
    "poder": 0.7957552824834153, 
    "excepcional": 1.2507672157947702, 
    "saber": -0.583734845661785, 
    "defraudar": -1.0744663816042064, 
    "segundo": 0.7143957936259572, 
    "tranquilo": 1.600067160489517, 
    "coche": 0.5870511017275009, 
    "artículo": 0.5403431092474054, 
    "ferrar": 0.6469999676500017, 
    "infame": -0.31632352388481844, 
    "seguramente": -0.5969738244286975, 
    "interpretación": -0.9739589640048254, 
    "limpio": 1.3749999656250025, 
    "agustín": -0.6012499579125031, 
    "número": -0.5669382789270789, 
    "conducir": -0.5958183810420293, 
    "malo": -1.9641856677953071, 
    "espíritu": 0.5908333018222243, 
    "presentación": 0.38094632503804265, 
    "accesible": 1.021563844074307, 
    "espectacular": 1.453, 
    "cocaína": -0.5539849720155314, 
    "tampoco": -1.1402986393808556, 
    "sabroso": 1.4631009492302152, 
    "duro": -1.8367190566523064, 
    "reclamar": -1.4270480751844528, 
    "tirar": -1.3049999725535733, 
    "ahora": -0.5429431741778258, 
    "estilo": 0.9191249463843782, 
    "exótico": -0.428718705867191, 
    "disfrutar": 1.2613112486059885, 
    "excelente": 2.0291745648550816, 
    "morir": -0.35658060326542024, 
    "propuesta": 0.43908093781154967, 
    "deber": -0.3286745230876799, 
    "quitar": -0.6366517479699321, 
    "cobrar": -1.3951862712740228, 
    "vaquilla": 0.4274999893125003, 
    "pacto": -1.090916661771528, 
    "ocurrir": -0.3580097023942911, 
    "paz": 0.3056074282680504, 
    "convicción": 0.46312498604687546, 
    "asegurar": -0.32552340494650545, 
    "ideal": 2.4046874285273505, 
    "dudar": -1.1234166627034534, 
    "agremiación": -0.40699998982500024, 
    "hecho": 0.6049636054041259, 
    "acto": -0.3540033379537426, 
    "techo": -0.31718746259831077, 
    "lugar": -0.9201858812665534, 
    "tiempo": -0.5404320425195857, 
    "presencia": -0.37301011214832064, 
    "maravilloso": 1.4924517069811762, 
    "emocionalmente": -0.9904999386833373, 
    "bala": -0.5902499852437504, 
    "horroroso": -1.1907320209103123, 
    "asqueroso": -0.30265228410742506, 
    "encantar": 2.0424999591500033, 
    "rodar": -0.7274999490750038, 
    "escaso": -1.5416167543343864, 
    "éxito": -0.40362281386476057, 
    "mal": -1.7879073743706626, 
    "ka": 0.30843746298750346, 
    "seco": -1.665923330169329, 
    "casero": 1.1223333146277796, 
    "grande": 0.6155387802668526, 
    "uno": -0.5344076661226513
}