{
    "refrito": -0.5112523113890178, 
    "decepción": -1.7134629524030198, 
    "tener": -0.3700600632749085, 
    "íntimo": 1.2008627450610534, 
    "hervir": -1.3429323377955396, 
    "ajeno": -0.43583045102109497, 
    "también": -0.6578981213334666, 
    "sublime": 0.9882460732925413, 
    "poco": -0.42685510964210355, 
    "gente": 0.46509199899836917, 
    "maleducado": -0.9743472218885416, 
    "frío": -1.725693461938572, 
    "ese": -0.6369668346324189, 
    "demorar": -0.962, 
    "atento": 1.418, 
    "lamentablemente": -1.149951612891168, 
    "recomer": 1.4215874181524455, 
    "magnífico": 0.9901095890383261, 
    "desilusionar": -1.0280152178567372, 
    "felicitación": 1.294, 
    "ya": -0.31369774788136223, 
    "cómodo": 1.2406392755048163, 
    "perfecto": 1.4677842875305147, 
    "lento": -1.1306821654029162, 
    "minuto": -1.3003990121374627, 
    "desear": -1.4179704141929168, 
    "equivocar": -1.1426287123056293, 
    "traer": -1.4263883024556827, 
    "desastre": -2.3364227068458314, 
    "impresentable": -0.9791785709684311, 
    "peor": -2.0065432287767404, 
    "relleno": -1.2864098703106028, 
    "pobre": -1.6486782566678955, 
    "decepcionar": -1.5373008547070022, 
    "colmo": -1.272557017261134, 
    "exquisito": 2.1613160426119213, 
    "insoportable": -0.9867042253424618, 
    "delicioso": 2.09, 
    "relajar": 1.2569991047448814, 
    "soso": -1.090078947258263, 
    "inmejorable": 1.627, 
    "tardar": -1.8416204956388333, 
    "abundante": 1.08, 
    "encantador": 0.984, 
    "descuidar": -1.1418882382734532, 
    "recomendable": 1.5134364016670645, 
    "altamente": 1.3286644837326087, 
    "requerir": 1.2403712871314994, 
    "degustación": 1.024, 
    "hermoso": 1.171, 
    "súper": 1.0743653842389544, 
    "crudo": -1.7215296420556474, 
    "lastimar": -1.1159654374482435, 
    "horrible": -1.8705275140537523, 
    "personalizar": 1.4681111107692222, 
    "calentar": -1.1766521735417297, 
    "calidez": 1.0455374996935312, 
    "encima": -1.2351372488212735, 
    "papa": -1.0267683615240744, 
    "increíble": 1.1635828876964796, 
    "variar": 1.1598120564495837, 
    "aceite": -1.602377066493321, 
    "olor": -1.1155879519740357, 
    "caro": -0.9703681591998168, 
    "super": 1.0580669354509353, 
    "vergüenza": -1.6336475431322839, 
    "fibra": -0.31996804408461765, 
    "congelar": -1.176, 
    "justo": 1.1537653527167238, 
    "encantar": 1.653195545826929, 
    "supuestamente": -1.012, 
    "bárbaro": 1.3503563209361564, 
    "dudar": -1.0295662128766647, 
    "desabrida": -1.0118235289013264, 
    "zafar": -1.3853715974186385, 
    "clima": 1.093, 
    "desagradable": -1.0525249999962374, 
    "sucio": -1.5660927232420858, 
    "quemar": -1.554000000375, 
    "agradable": 1.0362499999809374, 
    "claro": -1.088556859873595, 
    "este": -1.5878419400330352, 
    "desastroso": -1.25, 
    "buenísimo": 1.1354062487097656, 
    "patético": -1.08483240623547, 
    "cálido": 2.1557708412009466, 
    "espantoso": -1.1212747252718271, 
    "mitad": -1.0267560964421114, 
    "único": -0.37676355166186914, 
    "combinación": 1.134002610965448, 
    "duda": -1.1190181390979332, 
    "feo": -1.4111948341843774, 
    "recomendar": 1.0708114558637258, 
    "lamentable": -1.791880792798623, 
    "milanés": -1.189, 
    "encanto": 1.0071147673168253, 
    "decepcionante": -1.216907514442828, 
    "excepcional": 0.9791180555610292, 
    "más": -1.0744438864874786, 
    "defraudar": -1.00344927535872, 
    "pacto": -1.0145149249861716, 
    "rescatable": -1.307, 
    "tranquilo": 1.7439807678335981, 
    "exquisitez": 0.9420666666865926, 
    "vuelta": -0.5727258822010103, 
    "imperdible": 1.832, 
    "padre": 0.43111673017332075, 
    "limpio": 1.0091337209249223, 
    "insulso": -1.4714599101785486, 
    "reclamar": -1.359, 
    "confortable": 1.1294853829878717, 
    "lechuga": -1.3136282034440665, 
    "placer": 1.177, 
    "grasa": -1.563, 
    "riquísimo": 1.9408627450610534, 
    "vez": -0.6984462514852753, 
    "malo": -2.179596962268104, 
    "insípido": -1.372356836619389, 
    "estupendo": 1.022, 
    "flojo": -1.116393692466614, 
    "accesible": 0.983, 
    "espectacular": 1.3921893898713569, 
    "tampoco": -1.0574628498602507, 
    "sabroso": 1.3559660471531896, 
    "duro": -1.7230106955912543, 
    "cordial": 1.3080745340110336, 
    "genial": 1.2959893674642171, 
    "tirar": -1.0572272813615904, 
    "pretencioso": -0.9954318669480865, 
    "velada": 1.0183428567945305, 
    "ir": -0.4437160185227584, 
    "esmerar": 1.0275920841303254, 
    "disfrutar": 1.0573417839868335, 
    "vacío": -1.2183868393582362, 
    "excelente": 1.549492965549799, 
    "cocer": -1.1359615370095908, 
    "mejor": -0.30564249955793665, 
    "mediocre": -1.5473122715671415, 
    "bastante": -0.7071181330766494, 
    "microondas": -1.065, 
    "sensación": -0.5760142171437873, 
    "cobrar": -1.285945205480837, 
    "poner": -0.9226101976059748, 
    "impecable": 1.8232392152007182, 
    "ideal": 1.6935844474390682, 
    "pedazo": -1.022302157537912, 
    "ruidoso": -1.031269005838439, 
    "maravilloso": 1.283, 
    "fresco": 1.2784342389156904, 
    "eternidad": -1.006194442933642, 
    "pasable": -1.2143234038056097, 
    "rabia": -0.31324999216875016, 
    "delicia": 1.178, 
    "regular": -2.2253508761914897, 
    "escaso": -1.4245862069108206, 
    "año": 0.3590511769699782, 
    "aceptable": -1.044, 
    "mal": -1.7057522884131684, 
    "amojar": 1.124987499807844, 
    "encargado": -1.0615292791586997, 
    "hacer": -0.461213697777242, 
    "desilusión": -1.288, 
    "acogedor": 1.3975247917048566, 
    "seco": -1.6266976074636545, 
    "adictivo": 1.2838765430494286, 
    "levantar": -1.0064576270457746, 
    "casero": 1.1291196065043252, 
    "aburrir": -1.2061992482808563
}