{
    "decepción": -1.6984901957065937, 
    "dar": -0.38305047876788506, 
    "tener": -0.3829481203626694, 
    "íntimo": 1.2729429890748118, 
    "horno": -0.4333848922521554, 
    "amable": 0.525440883178742, 
    "hervir": -1.260803814600287, 
    "insecto": -0.40470534622777454, 
    "mucho": -0.6925861295317787, 
    "personal": 0.6859216744221651, 
    "maleducado": -1.0463931936049438, 
    "frío": -1.735930593352439, 
    "ese": -0.4029698934617515, 
    "demorar": -0.9791785705082908, 
    "0": -0.3234230293738826, 
    "desayuno": 0.8138857674799828, 
    "atento": 1.6213057405032887, 
    "semejante": 0.33081874146729706, 
    "lamentablemente": -1.1420061727227366, 
    "recomer": 1.3555421744986846, 
    "magnífico": 0.9745768423775627, 
    "fin": -0.32208791295162625, 
    "desilusionar": -0.995099998609, 
    "felicitación": 1.3119722217729166, 
    "do": -0.41371541826377856, 
    "cómodo": 1.4456180633043627, 
    "agua": -0.3866044181229052, 
    "perfecto": 1.5928889142665568, 
    "lento": -1.1882453092260101, 
    "minuto": -1.4028916072815951, 
    "desear": -1.4252554603419463, 
    "equivocar": -1.1579455941439567, 
    "traer": -1.4149851625346497, 
    "así": -0.3592716521303856, 
    "desastre": -2.6510899498749754, 
    "impresentable": -1.0061333297318982, 
    "peor": -2.1862601148128014, 
    "notar": -0.39074999023125023, 
    "pobre": -1.6550460773690077, 
    "decepcionar": -1.6157073331474803, 
    "colmo": -1.4339855731844935, 
    "exquisito": 2.2494103148098366, 
    "durar": -1.0176446338365657, 
    "pedir": -0.3431048320473613, 
    "delicioso": 2.148357141321611, 
    "repetitivo": -0.45683424322849026, 
    "bueno": 0.367235503466758, 
    "relajar": 1.1911496160653223, 
    "haber": -0.7278712527483779, 
    "soso": -1.052351999799552, 
    "inmejorable": 1.70008397880222, 
    "tardar": -1.8931072029837872, 
    "abundante": 1.1918078804837955, 
    "salir": -1.035742702451173, 
    "encantador": 0.999162291660925, 
    "descuidar": -1.17181220270227, 
    "recomendable": 1.680708054234214, 
    "servicio": 0.4454911009890473, 
    "altamente": 1.3057529404609742, 
    "requerir": 1.319972362043457, 
    "degustación": 0.9843333334435186, 
    "decoración": 0.38004436949123316, 
    "muy": 0.9520153254360683, 
    "hermoso": 1.1953958327524803, 
    "poco": -1.2763744042777203, 
    "crudo": -1.9747515456094071, 
    "lastimar": -1.1037237653874812, 
    "estar": -0.781256113184902, 
    "horrible": -1.8734352438125912, 
    "personalizar": 1.5116470574876584, 
    "increíble": 1.170674984404559, 
    "solo": -0.8317320593454024, 
    "encima": -1.1801235627545754, 
    "papa": -1.0665547616886417, 
    "calentar": -1.2632187553253769, 
    "excusar": -1.0502618540708077, 
    "variar": 1.4559643378866782, 
    "aceite": -1.2288732328890108, 
    "olor": -1.1438266287153946, 
    "caro": -0.9483433450157305, 
    "parecer": -0.3197870739970985, 
    "viejo": -0.40482685285911496, 
    "súper": 1.0764743706086757, 
    "super": 0.9257950747926253, 
    "vergüenza": -1.6091057100192723, 
    "alto": -0.5220097406928834, 
    "congelar": -1.2550848450214576, 
    "sabor": -0.3469240041065828, 
    "luego": -1.0966783130515687, 
    "llegar": -0.326668514699077, 
    "justo": 1.0995407781799624, 
    "encantar": 1.5580856018737708, 
    "supuestamente": -1.0211999998243637, 
    "gourmet": 0.9159999542000025, 
    "bárbaro": 1.3313437484871093, 
    "dudar": -0.9585378002386475, 
    "insoportable": -1.0031499999074227, 
    "aceptable": -1.083794695958045, 
    "recalentar": -2.2610397609919053, 
    "desagradable": -1.1409258088794594, 
    "sucio": -1.7077399399068913, 
    "quemar": -1.707742420797586, 
    "agradable": 1.4586372160707963, 
    "claro": -1.1942638841799975, 
    "ruido": -0.6604441762434708, 
    "cordial": 1.3141102148889403, 
    "desastroso": -1.4036344664382152, 
    "buenísimo": 1.2186410877960263, 
    "patético": -1.0786874981613284, 
    "cálido": 2.1659517153497174, 
    "espantoso": -1.116, 
    "comida": -0.8928188871115769, 
    "combinación": 1.127, 
    "atención": 0.3671635441157955, 
    "repetición": -0.44033332330289376, 
    "freír": -0.4186541582723781, 
    "duda": -1.0946682387472566, 
    "feo": -1.366, 
    "recomendar": 0.9284362900730148, 
    "lamentable": -1.7879099094247182, 
    "mitad": -1.0282726173991354, 
    "encanto": 1.0304580199543416, 
    "2": -0.38698491710395133, 
    "decepcionante": -1.2981371204260665, 
    "jugo": 0.9287221754680581, 
    "cena": -0.6033994266443737, 
    "poder": -0.4473242091262792, 
    "excepcional": 0.9799517241427919, 
    "este": -0.6419950985660164, 
    "defraudar": -1.0097050091161162, 
    "día": -0.3487040695275447, 
    "chocar": 0.5504999724750015, 
    "mayoría": -0.325575178345809, 
    "libre": 0.5392663797610989, 
    "recepción": -0.5240374118270864, 
    "tranquilo": 1.7587089911184988, 
    "exquisitez": 0.9839999993999999, 
    "presentación": -0.3399324136664253, 
    "bufet": -0.47455898197128765, 
    "imperdible": 2.4426666106888932, 
    "limpio": 1.433708888649527, 
    "confortable": 1.1965455917408894, 
    "lechuga": -1.4185937424848312, 
    "placer": 1.2108147469418389, 
    "grasa": -1.646266961383277, 
    "riquísimo": 1.9340923550292548, 
    "vez": -0.3268733896209656, 
    "malo": -2.3699902096595027, 
    "llevar": -0.843244809174577, 
    "insípido": -1.3882188050649422, 
    "estupendo": 1.0394846532706317, 
    "flojo": -1.0724671483901258, 
    "accesible": 0.983, 
    "antiguo": -0.3077472198232258, 
    "espectacular": 1.4625258157914751, 
    "tampoco": -1.0691533944849418, 
    "tomate": -0.36218813755657525, 
    "sabroso": 1.3389657959123458, 
    "incomible": -2.529999949400004, 
    "duro": -1.7182104137188985, 
    "reclamar": -1.3725681316856635, 
    "genial": 1.3216752156284701, 
    "tirar": -1.1124833158541114, 
    "velada": 1.009704545298967, 
    "ir": -0.6095089809857024, 
    "esmerar": 1.01, 
    "disfrutar": 1.2338891591327614, 
    "vacío": -1.2710952361504615, 
    "excelente": 1.7373479089703365, 
    "cocer": -1.342499982100001, 
    "mediocre": -1.6072916629163196, 
    "bastante": -0.9539237410048618, 
    "microondas": -1.222754403588529, 
    "cobrar": -1.3224837626529096, 
    "ciudad": 0.659088072231707, 
    "impecable": 1.8743695641028701, 
    "1": -0.5236114175907801, 
    "siglo": -0.48787140408460333, 
    "ideal": 1.795771249990686, 
    "pasar": 0.3000297291489414, 
    "pedazo": -1.0303787874826675, 
    "plástico": -0.3947019456767933, 
    "trato": 0.9064863983316348, 
    "ruidoso": -1.047033331518111, 
    "maravilloso": 1.293740426281984, 
    "fresco": 1.2537019830587743, 
    "eternidad": -1.0305263103656515, 
    "pasable": -1.2159113849130039, 
    "delicia": 1.2790590228981749, 
    "regular": -2.253045261796923, 
    "escaso": -1.4903214205527502, 
    "mal": -1.7673896935823326, 
    "amojar": 1.097666666706536, 
    "encargado": -1.1157142832389457, 
    "hacer": -0.45575188681170786, 
    "dulce": 0.3714974957980343, 
    "esperar": -0.3355991535792732, 
    "desilusión": -1.288, 
    "acogedor": 1.708250778125716, 
    "seco": -2.2767472976743925, 
    "levantar": -1.0780567529652756, 
    "casero": 0.986336761097243, 
    "aburrir": -0.9932083331554861, 
    "algo": -0.5700885375031027, 
    "cama": -0.38461958812307967
}