{
    "íntimo": 1.1416684213878494, 
    "alternativo": 0.7366243013897138, 
    "equivocar": -1.0097724479571029, 
    "hervir": -1.2433137391391478, 
    "sublime": 0.9489151785783809, 
    "maleducado": -0.8386269584044037, 
    "frío": -1.3671024416481525, 
    "asado": -2.6467825888973717, 
    "atento": 1.4281631940260198, 
    "desastroso": -1.2465950560705366, 
    "recomer": 0.8260895341933205, 
    "8": -0.4306245083198105, 
    "desilusionar": -0.9381186951293257, 
    "felicitación": 1.2446181481483118, 
    "cómodo": 1.167902925504333, 
    "perfecto": 1.301773020815735, 
    "lento": -1.1009004388316173, 
    "minuto": -1.4311430921577792, 
    "desear": -1.3950093744228764, 
    "calentar": -1.1229542515841722, 
    "traer": -1.393779036696367, 
    "desastre": -2.3236558528360156, 
    "impresentable": -0.8773490986660264, 
    "peor": -2.01421512860124, 
    "haber": -0.3235196031916574, 
    "decepcionar": -1.074405948127316, 
    "colmo": -1.2476672346950264, 
    "exquisito": 2.114015083437663, 
    "entender": 0.3785811054605029, 
    "profesional": -0.4763089471339943, 
    "delicioso": 2.08468193531993, 
    "relajar": 1.1899702116360604, 
    "pobre": -1.0191302768626667, 
    "cálido": 1.9430073392739204, 
    "inmejorable": 1.6112646411940035, 
    "tardar": -1.8019069160158592, 
    "abundante": 1.057042669812512, 
    "ruidoso": -1.0032816344410618, 
    "encantador": 0.312646992025171, 
    "pedo": -0.5574082809672863, 
    "descuidar": -1.0688799367984099, 
    "recomendable": 1.0300148833617364, 
    "altamente": 1.2414691938198754, 
    "requerir": 1.312279615884721, 
    "malo": -1.739791842524062, 
    "nunca": -0.39222388347721204, 
    "hermoso": 0.7156533068487637, 
    "crudo": -1.6667013578282883, 
    "lastimar": -1.0916901727639932, 
    "riquísimo": 1.8660266902606693, 
    "personalizar": 1.4464616597339144, 
    "súper": 1.0443401622448978, 
    "calidez": 0.9843596721240675, 
    "encima": -0.667860752150095, 
    "fresco": 0.9858826817115245, 
    "increíble": 1.1026456645720595, 
    "variar": 1.0439781107763875, 
    "aceite": -1.0248590566880393, 
    "olor": -1.0700200448572588, 
    "caro": -0.9993684629444642, 
    "térmico": -0.568598149383237, 
    "pasable": -1.1808883709614941, 
    "super": 1.0613926770902453, 
    "vergüenza": -1.493706913481996, 
    "congelar": -1.141340611654079, 
    "vacar": -0.5149062818667123, 
    "justo": 0.9916597431589695, 
    "delicia": 1.1659561582652784, 
    "cumplir": 0.37245104423353115, 
    "supuestamente": -0.9311478673194687, 
    "bárbaro": 1.2679671155597574, 
    "dudar": -1.0246506914882616, 
    "bol": 0.7475741105055905, 
    "insoportable": -0.9596568082468323, 
    "zafar": -1.3234938019467235, 
    "clima": 1.0588544403197355, 
    "recalentar": -2.191433593406914, 
    "desagradable": -1.038828933778141, 
    "sucio": -1.4940444983058072, 
    "quemar": -1.8810589849657746, 
    "agradable": 1.0005818552485057, 
    "hora": -0.3719893911210515, 
    "claro": -1.0624271290654028, 
    "reclamar": -1.3177359578735608, 
    "lamentablemente": -1.1244315913738443, 
    "buenísimo": 1.0182499090960808, 
    "andar": -0.5988951007773898, 
    "soso": -0.9833415170255685, 
    "espantoso": -1.0593480382557088, 
    "demorar": -0.9755814708541478, 
    "crisis": 0.3117401492104057, 
    "presidente": -0.5099524014155229, 
    "amigo": 0.33191384747349856, 
    "dejar": -0.6803460729424698, 
    "siempre": 0.46680120830595023, 
    "combinación": 1.1121903429596023, 
    "compañero": 0.655349044225622, 
    "sabroso": 1.287322592820068, 
    "duda": 0.6899268711347641, 
    "feo": -1.3595573874924436, 
    "recomendar": 1.0882866737969397, 
    "lamentable": -1.7268402767745226, 
    "mitad": -0.4618628117463107, 
    "encanto": 0.9268834222601643, 
    "decepcionante": -1.1566955183447878, 
    "excepcional": 0.7775540192593888, 
    "patético": -1.0204987486105102, 
    "defraudar": -0.8836139445881478, 
    "pacto": -1.0052914900898984, 
    "rescatable": -1.307, 
    "gomoso": -1.2700207201367057, 
    "comer": -0.520052082035776, 
    "tranquilo": 1.5189445856668016, 
    "exquisitez": 0.8778817632490781, 
    "imperdible": 1.6986209712671947, 
    "horrible": -1.4379825845312095, 
    "limpio": 0.7892787952105786, 
    "insulso": -1.3875653648683064, 
    "confortable": 1.0485753917277725, 
    "lechuga": -1.0449073313797468, 
    "placer": 1.170229279669016, 
    "grasa": -1.5429563975255445, 
    "vez": -0.43066249365600057, 
    "degustación": 0.8484766778629012, 
    "insípido": -1.3348688937721778, 
    "estupendo": 1.008005061452167, 
    "flojo": -1.0192865046149002, 
    "accesible": 0.9818778539241916, 
    "espectacular": 1.3847580294838542, 
    "tampoco": -0.9049956693197362, 
    "acogedor": 1.3020770788990712, 
    "desabrida": -0.9935042032832199, 
    "cultura": 0.5121335848733901, 
    "duro": -1.5954119358377485, 
    "cordial": 1.2320778078171808, 
    "genial": 1.305185480149677, 
    "tirar": -1.0917644488361549, 
    "velada": 0.9435402496034079, 
    "aceitoso": -1.2050560074092609, 
    "esmerar": 0.9874198063142537, 
    "disfrutar": 1.0443683904174963, 
    "perder": -0.3973411825986097, 
    "vacío": -1.100625483563396, 
    "excelente": 1.0434753865207806, 
    "cocer": -0.9675170311079636, 
    "mejor": -0.4706535768718457, 
    "mediocre": -1.5143510442815333, 
    "adictivo": 1.1304936199794615, 
    "frasca": 0.6435402985997123, 
    "microondas": -1.0486780546813428, 
    "cobrar": -1.2569079162927868, 
    "importar": 0.5917895772049582, 
    "impecable": 1.7713375947659755, 
    "ideal": 1.6994566714803214, 
    "pasar": 0.4264389063613109, 
    "pedazo": -0.8084433235882487, 
    "incomible": -2.0202605761146986, 
    "persona": 0.36528790733958233, 
    "pretencioso": -0.9157338749820592, 
    "maravilloso": 1.2711033199585289, 
    "papa": -0.9364515392949649, 
    "eternidad": -0.964910487877216, 
    "milanés": -1.189, 
    "encantar": 1.4301165169751173, 
    "regular": -2.1509266863535967, 
    "escaso": -1.4311882486609533, 
    "morder": -0.7579236852192631, 
    "grasoso": -1.414525806185568, 
    "aceptable": -0.9188646881805866, 
    "mal": -1.5331660489454266, 
    "amojar": 1.0271456270975252, 
    "encargado": -1.1845105610693882, 
    "desilusión": -1.2634189858388085, 
    "alumno": 0.49140753367823575, 
    "seco": -1.5957724337459573, 
    "sesión": 0.46903765456970153, 
    "levantar": -0.628002039854438, 
    "casero": 0.962, 
    "aburrir": -0.777012559798973, 
    "mano": 0.33264254000104937, 
    "mensaje": 0.5922229587103545
}