{
    "decepción": -0.5563213286379517, 
    "atención": 1.1723301038339402, 
    "amable": 0.6552525164596115, 
    "carne": -0.6177712977865415, 
    "menos": -0.5956662774588778, 
    "destacar": 0.5751405332731855, 
    "también": 0.5770297398915313, 
    "frío": -1.4627887923214034, 
    "crudo": -1.0143707750432396, 
    "terminar": -0.48463330263722576, 
    "0": -1.0580296790402204, 
    "atento": 1.111779401170093, 
    "decir": -0.7351756255734442, 
    "4": -0.9574514260851185, 
    "recomer": 1.207471074813533, 
    "gustar": 0.6486547234784905, 
    "3": -0.795318650895519, 
    "queso": -0.43423115880950436, 
    "olvidar": -0.6097502541628548, 
    "nada": -1.0166682182425568, 
    "horrible": -0.8096155155244963, 
    "perfecto": 0.9733725490568861, 
    "lento": -0.581636619416664, 
    "minuto": -1.2194879076819258, 
    "desear": -0.8528333718896073, 
    "traer": -1.439796614275232, 
    "desastre": -1.3145446563675434, 
    "peor": -1.3251398884684957, 
    "pobre": -0.7715525529605197, 
    "decepcionar": -0.6546909387891502, 
    "exquisito": 1.4064602805352155, 
    "arroz": -0.5015935684389392, 
    "delicioso": 1.1117414715729543, 
    "música": 0.5368334080834772, 
    "bueno": 1.8029534240057825, 
    "chef": 0.4946587184846309, 
    "inmejorable": 0.5104437992039987, 
    "tardar": -1.3663346360141704, 
    "abundante": 1.08434739765173, 
    "todo": 0.5701276753698914, 
    "recomendable": 1.477621441363939, 
    "altamente": 0.517998470180238, 
    "requerir": 0.4939949068631347, 
    "acorde": 0.4634277194614665, 
    "valer": 0.970710843938362, 
    "muy": 2.6947926805363416, 
    "hermoso": 0.5845186433145139, 
    "favor": -0.41937209918991075, 
    "bien": 0.7781398177389215, 
    "riquísimo": 0.7803335960015418, 
    "pagar": -0.5700826950339659, 
    "solo": -0.8395719413831677, 
    "encima": -0.811004983921064, 
    "papa": -0.8781770417290219, 
    "increíble": 0.9060855785136697, 
    "variar": 0.6219143723676848, 
    "aceite": -0.44799748977646825, 
    "olor": -0.4675992593769533, 
    "caro": -1.1185683898126604, 
    "parecer": -0.7603965481459448, 
    "cara": -0.5078948180633193, 
    "super": 1.118205976312134, 
    "ambiente": 1.2428912283058322, 
    "sabor": 1.0042481032195352, 
    "luego": -0.4904744505922921, 
    "probar": 0.6921933091643233, 
    "justo": 0.6553860397139956, 
    "bárbaro": 0.45472939376294885, 
    "chorizo": -0.47705590157789374, 
    "esperar": -0.46488334204345705, 
    "después": -0.5728562239286598, 
    "quemar": -0.6561107338312705, 
    "agradable": 0.9990071739398897, 
    "hora": -0.862278808733286, 
    "claro": -0.7597913496784726, 
    "ambientación": 0.7668461163021434, 
    "cálido": 1.4415188538825736, 
    "lamentable": -0.5965826984560482, 
    "amigo": 0.43963437814503253, 
    "dejar": -1.0311046788089682, 
    "siempre": 1.0082212767147463, 
    "dueño": 0.5200075965850889, 
    "aire": 0.5071720118915098, 
    "llegar": -0.883883999683591, 
    "duda": -1.6468531569462044, 
    "feo": -0.5673104549573394, 
    "recomendar": 1.9326480052254162, 
    "vergüenza": -0.5302048660379332, 
    "milanés": -0.5626625215478674, 
    "freír": -0.5870094039775089, 
    "2": -0.956843096281946, 
    "variedad": 0.4684646271499287, 
    "cuidar": 0.4508968998181753, 
    "venir": -0.4742538741794868, 
    "demasiado": -0.7793955828087288, 
    "tranquilo": 1.1109177217769657, 
    "musicar": 0.48334293296240904, 
    "familia": 0.413662089953305, 
    "postre": 0.6270545928849397, 
    "detalle": 0.5976588992525487, 
    "placer": 0.4707382683595899, 
    "grasa": -0.5010828751841775, 
    "peso": -0.48995361639200935, 
    "malo": -2.255220734781845, 
    "pollo": -0.6135540715304026, 
    "espectacular": 0.9554514605711915, 
    "tampoco": -0.5413928081734749, 
    "sabroso": 0.8477014433180681, 
    "duro": -1.2049511275222298, 
    "cordial": 0.5745845872077857, 
    "genial": 0.786992399831872, 
    "esmerar": 0.5321034851914376, 
    "disfrutar": 0.8060602158498437, 
    "perder": -0.7703012917606779, 
    "vacío": -0.5867321186071357, 
    "excelente": 2.7330337428215103, 
    "incomible": -0.6672000055261529, 
    "mejor": 0.6341586231897073, 
    "mediocre": -0.6031918945458371, 
    "bastante": -0.8495074336304972, 
    "cobrar": -0.9553206673881783, 
    "medio": -0.6664564526321425, 
    "cuenta": -0.5197913511916132, 
    "impecable": 1.0956015878671215, 
    "ideal": 1.1320565603405992, 
    "5": -0.9330562802785327, 
    "ensalada": -0.4452859376461638, 
    "imperdible": 0.6489152328116119, 
    "sorprender": 0.5113450770838115, 
    "pedir": -1.399439937862549, 
    "lugar": 1.1760084293420558, 
    "cómodo": 0.4928726579846433, 
    "ruidoso": -0.614500342426271, 
    "maravilloso": 0.5222468855782845, 
    "devolver": -0.46044580641384614, 
    "fresco": 0.9029369338149863, 
    "pareja": 0.6325467442108982, 
    "encantar": 1.3103221573330397, 
    "regular": -1.0834695154943714, 
    "escaso": -0.6952692780491502, 
    "mesa": -0.6976690944182191, 
    "mal": -1.5126391604046943, 
    "sentir": 0.4260751575659601, 
    "recalentar": -0.8930645777453831, 
    "rico": 1.0964617798294731, 
    "acogedor": 0.55715157837326, 
    "seco": -1.0052202905277192, 
    "casero": 0.6202818652021515, 
    "sucio": -0.5339063203797814, 
    "volver": 2.35909380001424
}