{
    "vergüenza": -0.582329951016929, 
    "0": -0.7927075493732116, 
    "atención": 1.1795146828227427, 
    "amable": 0.5794117534427227, 
    "carne": -0.5414558319413804, 
    "menos": -0.5928164884486948, 
    "destacar": 0.5325888267173294, 
    "también": 0.8530957541325591, 
    "frío": -1.2893139294689508, 
    "3": -0.5472765273140857, 
    "terminar": -0.44838566337499286, 
    "rico": 0.7874644960090205, 
    "nadie": -0.3869407921545976, 
    "atento": 0.8968797099104487, 
    "decir": -0.6567461782983008, 
    "4": -0.7384220851253447, 
    "recomer": 0.4384505697165863, 
    "gustar": 0.5759444537861266, 
    "queso": -0.4463817778624866, 
    "olvidar": -0.5543728698944225, 
    "nada": -1.1798175365760115, 
    "horrible": -0.7803969952928498, 
    "perfecto": 1.2012139128082584, 
    "lento": -0.7049055492392039, 
    "volver": 1.0213070078457063, 
    "desear": -0.7746335111785871, 
    "traer": -1.3447142372512368, 
    "desastre": -1.2391626185200506, 
    "muñeco": -0.48976717401744446, 
    "peor": -1.2917064475772186, 
    "pobre": -0.7689826560637707, 
    "decepcionar": -0.6082260630807315, 
    "exquisito": 1.308629330571921, 
    "seco": -0.7519272693986125, 
    "arroz": -0.48726664998088415, 
    "delicioso": 1.101047088783677, 
    "música": 0.5773015386482657, 
    "bueno": 0.7733444281819208, 
    "chef": 0.38882771985963693, 
    "inmejorable": 0.4963752421069095, 
    "tardar": -1.2901800781305024, 
    "abundante": 0.9762103679934685, 
    "todo": 0.7438681612955904, 
    "recomendable": 1.3431463012141054, 
    "altamente": 0.515544845856236, 
    "requerir": 0.49594237354403875, 
    "esperar": -0.48490257664691744, 
    "acorde": 0.41844939080906, 
    "valer": 0.7458999730226301, 
    "muy": 1.2923370532803662, 
    "hermoso": 0.513476946493638, 
    "bien": 0.7389059982952454, 
    "riquísimo": 0.7521050803713711, 
    "pagar": -0.5624650527507442, 
    "solo": -0.9348313732833088, 
    "encima": -0.5085612327715605, 
    "crudo": -0.9574605253794999, 
    "fresco": 0.7762106994162034, 
    "increíble": 0.7568796254603236, 
    "variar": 0.58580578700492, 
    "aceite": -0.45725985324348856, 
    "olor": -0.4394288403123218, 
    "caro": -0.9104264027473391, 
    "parecer": -0.6111851705418487, 
    "asi": -0.3545858837113491, 
    "cara": -0.4543799798119622, 
    "super": 0.9579141888348308, 
    "ambiente": 0.981246656331944, 
    "sabor": 0.3815056955449621, 
    "probar": 0.6247099035018057, 
    "justo": 0.6329406952485732, 
    "bárbaro": 0.4715752617855496, 
    "chorizo": -0.4350496070327017, 
    "recalentar": -0.8280853922924324, 
    "después": -0.6788087616703563, 
    "quemar": -0.5965450146908712, 
    "agradable": 0.7977443344304457, 
    "hora": -0.8158891402741227, 
    "claro": -0.7590988656185037, 
    "ambientación": 0.671175172489734, 
    "genial": 0.8927376967463774, 
    "mucho": 0.33360516885253105, 
    "cálido": 1.3596076127977086, 
    "amigo": 0.6212366433175671, 
    "dejar": -0.4606717654667749, 
    "siempre": 0.9222961011511018, 
    "dueño": 0.5127028611170085, 
    "aire": 0.4926797359239003, 
    "llegar": -0.7285889127609662, 
    "duda": -1.0194714595273642, 
    "recomendar": 1.398503014362627, 
    "lamentable": -0.5720486834035853, 
    "milanés": -0.5240086691585202, 
    "freír": -0.5168174085815661, 
    "2": -0.7006744441415397, 
    "variedad": 0.4395766858970837, 
    "cuidar": 0.43570185765947517, 
    "venir": -0.4575029471410673, 
    "demasiado": -0.720388224961017, 
    "tranquilo": 1.0380783770786381, 
    "itas": -0.4065991391877307, 
    "familia": 0.4837485156028658, 
    "imperdible": 0.5810364775333012, 
    "detalle": 0.6357869779706683, 
    "placer": 0.46114091487593534, 
    "grasa": -0.6705138566909169, 
    "peso": -0.47727095725436175, 
    "malo": -2.490766704174061, 
    "pollo": -0.5620711741855859, 
    "espectacular": 0.9432642036268524, 
    "tampoco": -0.5873150706589523, 
    "sabroso": 0.776115829492772, 
    "duro": -1.056056179239472, 
    "cordial": 0.5236735186226074, 
    "acercar": -0.5087638937532775, 
    "esmerar": 0.49365567682039607, 
    "disfrutar": 0.45076817652133877, 
    "perder": -0.5866009143832046, 
    "vacío": -0.5574197769382222, 
    "excelente": 2.661676352495838, 
    "incomible": -0.6711540048845672, 
    "mejor": 0.3396757881971185, 
    "mediocre": -0.5848398338118717, 
    "bastante": -0.7868468885610249, 
    "cobrar": -0.8021636085528653, 
    "medio": -0.5557031422873058, 
    "cuenta": -0.5219387880116674, 
    "impecable": 1.066675218188898, 
    "ideal": 1.0461321424850096, 
    "5": -0.5204749250523473, 
    "ensalada": -0.4277078224117127, 
    "sorprender": 0.5515479062364163, 
    "pedir": -1.2060783373027082, 
    "lugar": 0.5354242200500825, 
    "cómodo": 0.44995233602699936, 
    "ruidoso": -0.48711967351119945, 
    "maravilloso": 0.4919075217480985, 
    "postre": 0.45778756099118895, 
    "devolver": -0.4707251919139933, 
    "papa": -0.7964877781310798, 
    "pareja": 0.6838696171230281, 
    "encantar": 1.2461048878336063, 
    "regular": -1.0402644921642936, 
    "escaso": -0.6595955145051613, 
    "mesa": -0.4176394492717021, 
    "mal": -1.3482413005566587, 
    "sentir": 0.4383798112922121, 
    "musicar": 0.3154394060769562, 
    "acogedor": 0.5337265984318783, 
    "forzar": -0.45176304109281845, 
    "casero": 0.5536077510881244, 
    "sucio": -0.4993946923995693, 
    "minuto": -1.1200452677812756
}