{
    "atención": 0.7750223742370257, 
    "olvidar": -0.6177076868203545, 
    "carne": -0.5381806695816447, 
    "menos": -0.6814345870791023, 
    "destacar": 0.628238700687914, 
    "también": 0.7601804304804806, 
    "cuenta": -0.4148409863446268, 
    "frío": -0.9616866471722103, 
    "3": -0.7576358852644283, 
    "terminar": -0.4859394814968039, 
    "0": -0.5597696572273639, 
    "atento": 1.1116705016011055, 
    "decir": -0.38124452061157454, 
    "4": -0.5616846248766713, 
    "recomer": 0.4812382483061778, 
    "5": -1.1458286236600068, 
    "gustar": 0.4799220822612896, 
    "queso": -0.46555126712784595, 
    "amable": 0.558014791277733, 
    "horrible": -0.5564015734043837, 
    "perfecto": 0.9075817934778193, 
    "lento": -0.558420971803235, 
    "volver": 1.0389442596191136, 
    "desear": -0.8260915172606254, 
    "traer": -1.331024522729403, 
    "desastre": -1.2580367842848241, 
    "alternativo": 0.4717636895032048, 
    "peor": -1.416540460136874, 
    "pobre": -0.35798607628451073, 
    "decepcionar": -0.3899287927494938, 
    "exquisito": 1.3165517012641206, 
    "delicioso": 1.0922137412322124, 
    "música": 0.47225073982249954, 
    "escapar": -0.368095579711347, 
    "portalada": -0.341203104658631, 
    "chef": 0.4848058623518151, 
    "inmejorable": 0.4911723089370644, 
    "tardar": -1.1980883177168196, 
    "abundante": 0.9369357427176119, 
    "todo": 0.7173653214720317, 
    "recomendable": 1.083067241824398, 
    "altamente": 0.5370666880053545, 
    "requerir": 0.6044189554014631, 
    "acorde": 0.44717595070164323, 
    "valer": 0.6989723399025216, 
    "muy": 1.2380236638306885, 
    "hermoso": 0.3708365008559249, 
    "bien": 0.3616361520427271, 
    "riquísimo": 0.7373212216651726, 
    "pagar": -0.5482135354118197, 
    "solo": -0.3927768003245282, 
    "encima": -0.36484902854804524, 
    "crudo": -0.9273255425875457, 
    "fresco": 0.5875590841324375, 
    "increíble": 0.8260140582375679, 
    "variar": 0.49278796660388513, 
    "aceite": -0.41496208734425977, 
    "olor": -0.4365453793308315, 
    "caro": -0.9437264000629562, 
    "térmico": -0.42481309553706137, 
    "cara": -0.39008345314049875, 
    "super": 0.9233687095578424, 
    "ambiente": 0.957170181916715, 
    "realizar": 0.32550827297727075, 
    "luego": -0.4864585486931277, 
    "probar": 0.5642251852882559, 
    "justo": 0.5316949277941013, 
    "bárbaro": 0.4497283637674976, 
    "bol": 0.5609600702745449, 
    "chorizo": -0.43608933126538046, 
    "recalentar": -0.8090688143582753, 
    "sucio": -0.5053349147952291, 
    "quemar": -0.5172339383645378, 
    "agradable": 0.781425884017857, 
    "hora": -1.1519623759740458, 
    "claro": -0.7200710311713053, 
    "ambientación": 0.5270868495690195, 
    "cálido": 1.1858386779304955, 
    "presidente": -0.3252368468187682, 
    "amigo": 1.055822831451056, 
    "dejar": -1.8091047843380639, 
    "siempre": 1.6048585273439326, 
    "dueño": 0.4672448005207844, 
    "llegar": -0.5953631612530715, 
    "feo": -0.5563288569862394, 
    "recomendar": 1.2031638608502369, 
    "lamentable": -0.5663209783833953, 
    "milanés": -0.526, 
    "2": -0.5171879518438868, 
    "variedad": 0.4144617236183533, 
    "cuidar": 0.41611931413633363, 
    "venir": -1.0223555529692179, 
    "demasiado": -0.6555036318820677, 
    "tranquilo": 1.0408660988378609, 
    "musicar": 0.3839027871299039, 
    "familia": 0.5577031860555973, 
    "imperdible": 0.5694928920835247, 
    "detalle": 0.8723973588081906, 
    "placer": 0.5504727528448196, 
    "grasa": -0.46235417809739354, 
    "peso": -0.30020442561588007, 
    "malo": -2.1603049170020725, 
    "pollo": -0.440753981104346, 
    "espectacular": 0.8689195942737447, 
    "tampoco": -0.590775985307365, 
    "sabroso": 0.7610814713953693, 
    "duro": -1.102438188041135, 
    "cordial": 0.5038596910693793, 
    "genial": 0.7827734801993619, 
    "esmerar": 0.5036965988099943, 
    "disfrutar": 0.7529020068009814, 
    "perder": -0.9595115496796504, 
    "vacío": -0.4504361274934562, 
    "excelente": 1.7978915439403447, 
    "incomible": -0.6834113244819079, 
    "mejor": -1.0976767746446074, 
    "mediocre": -0.5683023248105057, 
    "bastante": -0.5782257636850953, 
    "cobrar": -0.8796136112601127, 
    "importar": 0.41315263888397774, 
    "impecable": 1.0116856062489554, 
    "ideal": 1.0707883202059516, 
    "pasar": 0.36306752253876284, 
    "frasca": 0.5673537887694657, 
    "pedir": -0.7313297488667162, 
    "lugar": 0.5551596272727091, 
    "cómodo": 0.39924973446979506, 
    "ruidoso": -0.546711382701192, 
    "maravilloso": 0.46148367483040525, 
    "postre": 0.3891026647833069, 
    "devolver": -0.40417570560052407, 
    "papa": -0.6572422582397773, 
    "pareja": 0.7120851732268572, 
    "encantar": 1.170937151944171, 
    "regular": -0.9781169632971861, 
    "morder": -0.49456901648702595, 
    "mesa": -0.5571336586692607, 
    "mal": -1.452358495127823, 
    "sentir": 0.3299581118809023, 
    "esperar": -0.313320763600923, 
    "rico": 0.5924568358230382, 
    "acogedor": 0.4962057164001518, 
    "seco": -0.8758821516115377, 
    "casero": 0.556, 
    "después": -0.38565990596355787, 
    "minuto": -1.5622374610673098, 
    "mensaje": 0.42343008700598084
}