{
    "decepción": -1.7395165752316424, 
    "tener": -0.8565267045348555, 
    "íntimo": 1.2441111107660494, 
    "aroma": 0.44749998359166765, 
    "árido": -0.7006139352943195, 
    "ganga": -0.34802126849038045, 
    "infumable": -0.5057142591734709, 
    "narración": 0.4952846972977926, 
    "mucho": -0.41808720011903966, 
    "monitor": 0.3688216551357985, 
    "poco": -0.9302887334382333, 
    "personal": 0.34993846175608556, 
    "refrigerar": -0.31190621317773815, 
    "maleducado": -1.0410833279944447, 
    "frío": -1.8491532978387806, 
    "3": -0.8382293229444711, 
    "resultar": 0.45685609402248506, 
    "atento": 1.4936025483034854, 
    "decir": -0.3768158260714857, 
    "4": -0.7325844713328269, 
    "pena": -0.3185685280530823, 
    "lamentablemente": -1.1731324098257403, 
    "recomer": 1.4337418714791323, 
    "magnífico": 0.9861249999004688, 
    "libro": 0.35180814479655437, 
    "desilusionar": -0.9681139700693177, 
    "cómodo": 1.3551557843542168, 
    "perfecto": 1.4262971289197752, 
    "lento": -1.1890588183807096, 
    "minuto": -1.3476501274137653, 
    "desear": -1.4284883714238639, 
    "tanto": -0.6583998445244247, 
    "equivocar": -1.1884807660835348, 
    "traer": -1.4557899672185706, 
    "así": -0.7295690482243175, 
    "desastre": -2.466395886227204, 
    "especie": -0.32874205570288223, 
    "impresentable": -1.0210318156943328, 
    "manifestar": -0.6205535376374312, 
    "peor": -2.1285444090509413, 
    "pobre": -1.7218588902287966, 
    "decepcionar": -1.5970714284730867, 
    "colmo": -1.4253749943053433, 
    "bebida": -0.3119062123113321, 
    "exquisito": 2.517933309228001, 
    "sonar": 0.30913065519857574, 
    "delicioso": 2.1297927681413653, 
    "bueno": -1.131217310506751, 
    "relajar": 1.2293846149009466, 
    "experiencia": -0.42210617591680516, 
    "ejemplo": -0.7165766459739433, 
    "canción": -0.7044202038420341, 
    "haber": -0.6732767433498131, 
    "conducción": 0.537442416935282, 
    "inmejorable": 1.725720962832918, 
    "tardar": -1.8964580171940806, 
    "abundante": 1.3499999797500013, 
    "encantador": 1.032235291743714, 
    "descuidar": -1.2311541347222263, 
    "todo": -0.7029173546729189, 
    "recomendable": 1.9421289068193974, 
    "pesar": 0.5091784681187739, 
    "servicio": -0.36279686493703095, 
    "altamente": 1.3395824159988328, 
    "total": -0.37563152341349176, 
    "requerir": 1.3604829003025651, 
    "cosa": 0.4120851050831026, 
    "muy": -0.4858871827421519, 
    "hermoso": 1.2983652525735472, 
    "súper": 1.1153571401198195, 
    "quedar": -0.892750954384669, 
    "lastimar": -1.146150639567538, 
    "oriental": -0.3756999911047503, 
    "quío": -0.6316303796187593, 
    "horrible": -2.0210637276870558, 
    "personalizar": 1.5384999943437503, 
    "contacto": -0.32010480143669967, 
    "calentar": -1.236426663999526, 
    "solo": 0.3007824442788207, 
    "manejo": 0.3807291600045821, 
    "pequeño": -0.6502876964584436, 
    "amplio": 0.7890023870978823, 
    "encima": -1.2483239919937918, 
    "rudo": -0.5205416389711821, 
    "increíble": 1.2226430127982404, 
    "exceso": -0.3186115318927767, 
    "variar": 1.2275266070628972, 
    "aceite": -1.3235665438334627, 
    "olor": -1.2320348589630024, 
    "caro": -0.97161999949976, 
    "pixelado": 0.4049999831250008, 
    "garantía": -0.6662214157964979, 
    "super": 0.7763333390925924, 
    "vergüenza": -1.7469227168173962, 
    "polvo": -0.31485383613297085, 
    "luego": -0.39484408050593, 
    "metro": -0.6227827988202749, 
    "desenlace": 0.3544999911375002, 
    "justo": 1.9439105762027356, 
    "delicia": 1.190270832975434, 
    "hablar": -0.3132731168371936, 
    "supuestamente": -1.1204285661362245, 
    "empezar": -0.3485905839837249, 
    "habitación": -0.31486344942365624, 
    "dudar": -1.1181258436804264, 
    "insoportable": -0.991043268712677, 
    "zafar": -1.362, 
    "clima": 1.2647778518778052, 
    "recalentar": -2.495249968809378, 
    "desagradable": -1.102474996786625, 
    "sucio": -1.7713693147949008, 
    "quemar": -1.744657138534386, 
    "agradable": 1.1464070922124545, 
    "lectura": -0.620203456495999, 
    "claro": -1.1754298235884562, 
    "este": -1.046957771876278, 
    "desastroso": -1.6666666597222224, 
    "patético": -1.0510934065451312, 
    "frase": -0.5171959186216003, 
    "soso": -1.5319570602941985, 
    "espantoso": -1.2554999895375007, 
    "comida": -2.3480003903392794, 
    "tensión": 0.36094544547494234, 
    "combinación": 1.1795104160212022, 
    "cabeza": -0.5901474522796516, 
    "duda": -1.1826767211591027, 
    "feo": -1.613682092621464, 
    "recomendar": 1.1094569426674257, 
    "disco": -0.61208294600599, 
    "lamentable": -1.8236064499114792, 
    "mitad": -1.0128258184607282, 
    "encanto": 1.028525823972916, 
    "película": -0.31587223570045714, 
    "decepcionante": -1.2170309326771505, 
    "poder": -0.9475155209787607, 
    "excepcional": 1.003919999681743, 
    "más": -0.33867119350014835, 
    "defraudar": -1.0540999968598335, 
    "diseño": 0.6599308101955124, 
    "negro": -0.48790993043551234, 
    "tranquilo": 1.6800223989348022, 
    "tristeza": -0.3041979081051218, 
    "localización": 0.8591463445408384, 
    "limpio": 1.0681744541768998, 
    "insulso": -1.7486856789997374, 
    "confortable": 1.0713157889915512, 
    "placer": 1.208526147137247, 
    "grasa": -1.6250830695515563, 
    "casi": 0.36930873821952725, 
    "vez": -0.4786992129726114, 
    "malo": -2.123988092907483, 
    "planta": 0.6977691953321615, 
    "insípido": -1.3899212119578062, 
    "estupendo": 1.3300076031792687, 
    "flojo": -1.0736309520050311, 
    "accesible": 0.9896418917078935, 
    "espectacular": 1.4787083328678658, 
    "servir": 0.6106908520420421, 
    "tampoco": -1.0290972220990067, 
    "sublime": 1.0312777744608026, 
    "duro": -1.6514213194299978, 
    "reclamar": -1.4201794688418188, 
    "genial": 1.5149230476989657, 
    "tirar": -1.1197147653946977, 
    "suceder": 0.33916733228322715, 
    "pretencioso": -1.0142857112431973, 
    "ir": -0.4175562148438837, 
    "estilo": 0.40017467923745853, 
    "esmerar": 1.0836458303962675, 
    "disfrutar": 0.8191136662991618, 
    "vacío": -1.242599300671871, 
    "excelente": 1.5781867655018702, 
    "cocer": -1.089431033688149, 
    "alimentar": 0.31309894775438407, 
    "mediocre": -1.5751458322618055, 
    "tan": -0.5749230896354288, 
    "bastante": -1.0752475377354065, 
    "microondas": -1.078653845436144, 
    "cobrar": -1.4062678511736293, 
    "poner": -0.4576081659004266, 
    "impecable": 1.9012806925403434, 
    "ideal": 1.8330153017779645, 
    "5": -0.6227367014639911, 
    "pedazo": -1.0522166655896388, 
    "zumo": 0.41999998300000074, 
    "puro": -0.3603580618506726, 
    "conectar": -0.3285714196865892, 
    "grande": -0.478330766086837, 
    "mancha": -0.34528386127537775, 
    "hotel": 0.36254241618348176, 
    "ruidoso": -1.1139043150485173, 
    "maravilloso": 1.3520157560087969, 
    "fresco": 1.4206018452385547, 
    "pasable": -1.2105833328266202, 
    "encantar": 1.6354855706727969, 
    "regular": -2.2115707069258126, 
    "escaso": -1.5712835437441726, 
    "novela": -0.4455570695870192, 
    "hombre": -0.48156323415498337, 
    "aceptable": -1.0756363621743803, 
    "mal": -1.6770474081393179, 
    "amojar": 1.2554572163035547, 
    "encargado": -1.0943834450070156, 
    "rancio": -0.3381944129152423, 
    "desilusión": -1.3482380928242874, 
    "cocina": -0.5610176593471354, 
    "acogedor": 1.4024087575651343, 
    "seco": -1.5996278660879688, 
    "pinar": 0.35799999403333344, 
    "levantar": -1.0510295220805765, 
    "algo": -0.3264174292019985, 
    "después": 0.5995730479302849, 
    "aburrir": -1.094085832144871
}