{
    "decepción": -1.7055387190300781, 
    "íntimo": 1.195951208203102, 
    "claro": -1.0513436293663023, 
    "hervir": -1.213173903378023, 
    "gana": 0.520796897107152, 
    "momento": -0.5364072264662144, 
    "prejuicio": 0.4669679916367865, 
    "también": -0.3165051881918676, 
    "maleducado": -0.9578398402038177, 
    "frío": -1.5564852915712144, 
    "escena": 0.3423622036815571, 
    "asado": -1.0132024873610772, 
    "atento": 1.6397228839273408, 
    "desastroso": -1.2261514719021593, 
    "recomer": 1.3052176185559352, 
    "magnífico": 0.907377034897977, 
    "desilusionar": -0.973715001913698, 
    "felicitación": 1.2863010280478742, 
    "motivar": 0.5045503477240364, 
    "cómodo": 1.2367585987019953, 
    "perfecto": 1.51457709576792, 
    "lento": -1.2073875274729362, 
    "minuto": -1.337463375434081, 
    "desear": -1.3469874666991246, 
    "equivocar": -1.163404325367902, 
    "traer": -1.2483501374369583, 
    "desastre": -2.3181963031315793, 
    "impresentable": -0.6120848086069252, 
    "relleno": -0.6310407197863116, 
    "peor": -1.9169015710971535, 
    "haber": 0.35225087668146454, 
    "decepcionar": -1.5509623586410406, 
    "colmo": -1.234727002929468, 
    "exquisito": 2.107385898750686, 
    "delicioso": 2.0872347741875705, 
    "relajar": 1.2449513629019264, 
    "pobre": -1.621287299104771, 
    "cálido": 2.0713273880518726, 
    "inmejorable": 1.6271154398268122, 
    "tardar": -1.8411322323001529, 
    "abundante": 1.0785890195560626, 
    "ruidoso": -1.0208829912481943, 
    "encantador": 0.829429648884063, 
    "descuidar": -0.9879990593637162, 
    "recomendable": 1.6074587546991348, 
    "altamente": 1.3366984730770581, 
    "requerir": 1.2592094852434046, 
    "malo": -1.359232850948836, 
    "luz": -0.8723347263044409, 
    "hermoso": 1.1890416109535502, 
    "crudo": -1.5331823840085077, 
    "lastimar": -1.1002734701309314, 
    "horrible": -1.863791598832013, 
    "personalizar": 1.4484523708769275, 
    "súper": 1.0083347745362432, 
    "calidez": 1.0290503039194667, 
    "encima": -0.44905448324650815, 
    "público": -0.4196700431523512, 
    "fresco": 1.2822221527910784, 
    "increíble": 1.1433065965463687, 
    "variar": 1.1486889938794413, 
    "aceite": -1.485033378079648, 
    "olor": -1.1673174057491489, 
    "caro": -0.967648150892875, 
    "super": 1.03720273569902, 
    "vergüenza": -1.5068342858009312, 
    "congelar": -1.1594964946718593, 
    "justo": 1.1293919499203886, 
    "encantar": 1.6138686282052794, 
    "supuestamente": -1.0009551193690753, 
    "bárbaro": 1.294773208336843, 
    "dudar": -0.9591689983268691, 
    "insoportable": -0.9803260994193946, 
    "zafar": -1.3634153918304843, 
    "clima": 1.0917428502370607, 
    "recalentar": -2.215892531497632, 
    "desagradable": -0.4880206498340445, 
    "sucio": -1.5540692143866708, 
    "quemar": -1.4543932931827808, 
    "agradable": 1.0303085872271087, 
    "sobriedad": 0.4807605543705891, 
    "reclamar": -1.3587340880991454, 
    "lamentablemente": -1.133765386405128, 
    "buenísimo": 1.1007524256294383, 
    "patético": -1.083883289135773, 
    "soso": -1.1138251939255035, 
    "espantoso": -1.1154839953451556, 
    "demorar": -0.9517216194611766, 
    "tirar": -1.8687089075081962, 
    "milanés": -1.1886100785442328, 
    "combinación": 1.0801647910291687, 
    "sabroso": 1.2769171401028492, 
    "duda": -1.2415312074833165, 
    "feo": -1.1709002144614293, 
    "recomendar": 1.0956589363659137, 
    "calentar": -1.1598332008164296, 
    "lamentable": -1.7842835111487103, 
    "mitad": -1.0219019697378886, 
    "encanto": 0.9596221742355902, 
    "decepcionante": -1.1854600698055457, 
    "excepcional": 0.9205172093943255, 
    "defraudar": -1.0574598820895373, 
    "pacto": -0.9909877965845713, 
    "rescatable": -1.2909047711294628, 
    "gomoso": -1.311384050766391, 
    "documental": 0.5976136214405633, 
    "tranquilo": 1.7414586174893165, 
    "exquisitez": 0.9401903147453483, 
    "imperdible": 1.8318332291545047, 
    "limpio": 1.0077331130239875, 
    "insulso": -1.4837380313487158, 
    "confortable": 1.0734485635492867, 
    "lechuga": -1.2943732949466402, 
    "placer": 1.1736670223893957, 
    "grasa": -1.562084814271792, 
    "riquísimo": 1.9390229393379357, 
    "degustación": 1.0250789671531386, 
    "insípido": -1.3159944608077776, 
    "estupendo": 1.1438546091129744, 
    "flojo": -1.10494661672259, 
    "accesible": 0.9359171860645916, 
    "espectacular": 1.3078377681134974, 
    "tampoco": -0.5878584937139144, 
    "sublime": 0.9958968388232428, 
    "incomible": -1.994031501786418, 
    "duro": -1.6120339875737377, 
    "cordial": 1.2108053736324005, 
    "genial": 1.291789724982239, 
    "desabrida": -0.9679009528537184, 
    "sal": 0.6355771749692002, 
    "velada": 1.0408930793558795, 
    "aceitoso": -1.2174282195446708, 
    "esmerar": 1.0047190660638594, 
    "disfrutar": 1.0370414730797923, 
    "vacío": -1.131634625984693, 
    "excelente": 1.7711569990024314, 
    "cocer": -1.1555833124702166, 
    "mediocre": -1.6310794605296268, 
    "bastante": -0.4196653667210442, 
    "microondas": -1.0320098380108274, 
    "cobrar": -1.2156882441842993, 
    "poner": -0.44939517250077105, 
    "impecable": 1.8255346485542738, 
    "ideal": 1.6385359565405975, 
    "pasar": -0.3393403260888089, 
    "pedazo": -1.0136697008907651, 
    "pretencioso": -1.0028989420325574, 
    "maravilloso": 1.2870672111862247, 
    "social": -0.5777027989121374, 
    "papa": -1.0232409804454465, 
    "eternidad": -0.9740719026769376, 
    "pasable": -1.159123747251829, 
    "delicia": 1.1456253723357186, 
    "regular": -2.1424897672156495, 
    "escaso": -1.4193137776046976, 
    "grasoso": -1.4300620008990448, 
    "aceptable": -1.031550617491318, 
    "mal": -1.7260151945075128, 
    "amojar": 1.1171987925202893, 
    "encargado": -1.052243854828216, 
    "esperar": 0.31238161286811744, 
    "desilusión": -1.233053514175571, 
    "acogedor": 1.360823970185634, 
    "seco": -1.6328702105615542, 
    "adictivo": 1.275830762929918, 
    "levantar": -0.9800238858802169, 
    "casero": 1.1321716220111298, 
    "aburrir": -1.2126963412857683, 
    "cámara": -0.5965678459307663
}