{
    "atención": 0.7509726141325431, 
    "olvidar": -0.5169192180571671, 
    "carne": -0.46371727000155216, 
    "torio": 0.5298882439642048, 
    "menos": -0.7504325123553038, 
    "destacar": 0.47411484760401895, 
    "también": 0.5254387325443995, 
    "frío": -1.2702259481117593, 
    "3": -0.49289288143356186, 
    "terminar": -0.4607042021923734, 
    "rico": 0.7111520945994355, 
    "atento": 0.8934450723865319, 
    "4": -0.6176985401474413, 
    "recomer": 1.096256466722581, 
    "noticia": -0.7733961810774681, 
    "gustar": 0.6354922945352866, 
    "queso": -0.3402832709737382, 
    "amable": 0.4615854907513284, 
    "nada": -0.8635619069596131, 
    "cómodo": 0.3289582766279842, 
    "perfecto": 0.9362515342662181, 
    "lento": -0.4906037338176855, 
    "volver": 0.57220848063104, 
    "desear": -0.8065566151052416, 
    "traer": -1.272206248400921, 
    "desastre": -1.172167686446376, 
    "peor": -1.0575744403070664, 
    "pobre": -0.4384441280114135, 
    "decepcionar": -0.547213729870202, 
    "exquisito": 1.1947193953239277, 
    "delicioso": 1.0223676710591139, 
    "música": 0.49511807529463714, 
    "bueno": 0.8399772328267074, 
    "chef": 0.4202602212609956, 
    "violento": 0.6273918537867851, 
    "inmejorable": 0.3903443383936066, 
    "tardar": -1.0427230432830157, 
    "abundante": 0.8710913142236154, 
    "extracción": -0.4504730405800276, 
    "todo": 0.39774718260982017, 
    "recomendable": 0.7086285228013051, 
    "altamente": 0.42792665890214526, 
    "requerir": 0.5534124532668176, 
    "tipo": -0.3979240866691638, 
    "valer": 0.7304748432885513, 
    "muy": 0.6343645931857081, 
    "hermoso": 0.4701411416087716, 
    "bien": 0.5942667014292609, 
    "precedente": 0.5981360325375679, 
    "horrible": -0.7554089371138497, 
    "confirmar": 0.3398499525266493, 
    "pagar": -0.5417835544078127, 
    "solo": -0.7428780803258741, 
    "encima": -0.4866409950159211, 
    "crudo": -0.49175058515151415, 
    "fresco": 0.7398420293985548, 
    "increíble": 0.6979893057830872, 
    "variar": 0.5667371168116289, 
    "aceite": -0.32516404043202335, 
    "olor": -0.42794040716351234, 
    "caro": -0.777867667265741, 
    "parecer": -0.8763297649081842, 
    "cara": -0.473, 
    "super": 0.7197145134457202, 
    "vergüenza": -0.5262559041106684, 
    "sabor": 0.40189821488146116, 
    "luego": -0.33806429015450695, 
    "probar": 0.44201166386940166, 
    "justo": 0.6046249221434907, 
    "bárbaro": 0.41631168760781306, 
    "chorizo": -0.4505559360401526, 
    "cincar": -0.532759892195611, 
    "recalentar": -0.5406289166586399, 
    "después": -0.5305184810055228, 
    "quemar": -0.5674660259796631, 
    "agradable": 0.8504657848767695, 
    "hora": -0.8523197340340618, 
    "claro": -0.6621837270020998, 
    "ambientación": 0.6119993027687962, 
    "cálido": 1.2861019000404397, 
    "presidente": 0.32818305099153733, 
    "amigo": 0.4519512573651194, 
    "dejar": -0.540702920181266, 
    "dueño": 0.36137447502839837, 
    "aire": 0.5267435888206864, 
    "llegar": -0.44152149424971526, 
    "duda": -0.9742317931219028, 
    "feo": -0.5333911844020489, 
    "recomendar": 1.0724339246710357, 
    "lamentable": -0.5208515815260479, 
    "milanés": -0.48982495101486523, 
    "freír": -0.45585492548401163, 
    "2": -0.6604223798532498, 
    "variedad": 0.3379117040725815, 
    "cuidar": 0.42533522886912034, 
    "adjetivar": 0.33489258116225784, 
    "venir": -0.433976345456849, 
    "protocolo": 0.3598616415020181, 
    "demasiado": -0.3322259465939132, 
    "tranquilo": 1.0120591143835487, 
    "ambiente": 0.7675653408361391, 
    "familia": 0.43850812754700075, 
    "imperdible": 0.6029459774049634, 
    "detalle": 0.5351047961515509, 
    "grasa": -0.3309580045877309, 
    "peso": -0.46356047372007825, 
    "malo": -1.906607710911664, 
    "negociación": -0.5093189360838302, 
    "pollo": -0.5614512060122666, 
    "espectacular": 0.926457348797788, 
    "tampoco": -0.6538536308491529, 
    "sabroso": 0.7605965555649234, 
    "duro": -1.0654028134205116, 
    "cordial": 0.5263389512016398, 
    "genial": 0.7503377700792143, 
    "esmerar": 0.49423989785018707, 
    "disfrutar": 0.7273870505306258, 
    "perder": -0.36981097469345275, 
    "excelente": 2.7259353737037766, 
    "incomible": -0.5870197932262882, 
    "mejor": 0.6747918280407426, 
    "mediocre": -0.4539642938286272, 
    "bastante": -0.31722503637993443, 
    "cobrar": -0.8767429340567198, 
    "cuenta": -0.4256026401366818, 
    "impecable": 0.5721519831098452, 
    "ideal": 0.8764941377133582, 
    "5": -0.7969301835731626, 
    "ensalada": -0.33591387334188627, 
    "terrorismo": 0.4345341690963113, 
    "sorprender": 0.38994036632899143, 
    "pedir": -1.1004073721066718, 
    "ruidoso": -0.52345072771228, 
    "maravilloso": 0.47642022225306674, 
    "postre": 0.348770778863468, 
    "papa": -0.7448483902710403, 
    "pareja": 0.6140348165074343, 
    "encantar": 1.2665724539403835, 
    "regular": -1.1329386169835625, 
    "escaso": -0.3378622890382892, 
    "mesa": -0.40875403926233156, 
    "mal": -0.8598496699030488, 
    "petróleo": 0.3278718203313182, 
    "sentir": 0.3479328700584008, 
    "esperar": -0.40753839158965965, 
    "acogedor": 0.5357913453631566, 
    "seco": -0.6777863297139837, 
    "casero": 0.47905246694264214, 
    "sucio": -0.47663282915385363, 
    "minuto": -1.0856273147462296
}