{
    "decepción": -0.533448724355729, 
    "vergüenza": -0.5603111979929877, 
    "0": -1.083616319117221, 
    "atención": 0.7349576001977096, 
    "olvidar": -0.6942769866457689, 
    "carne": -0.5223160255991888, 
    "menos": -0.40533485083488247, 
    "destacar": 0.6040418582341309, 
    "impecable": 1.029397234370128, 
    "también": 0.4459397759235729, 
    "gente": -0.4067719100836192, 
    "frío": -1.3693197541660713, 
    "3": -1.0310519139549297, 
    "rico": 0.980941822792581, 
    "atento": 1.0075076550547581, 
    "decir": -0.5790069477366216, 
    "4": -1.0712601018175623, 
    "buscar": -0.4417697099434837, 
    "recomer": 0.8389904686425824, 
    "gustar": 0.5810337624433113, 
    "queso": -0.4284056906902272, 
    "amable": 0.5475450675295361, 
    "sorprender": 0.4718850088760872, 
    "riquísimo": 0.76, 
    "perfecto": 0.9580982882525061, 
    "lento": -0.5056398325689546, 
    "minuto": -1.072846152725769, 
    "desear": -0.7765520851909467, 
    "traer": -1.1418046557803827, 
    "desastre": -1.2954307412366857, 
    "peor": -1.026051070628673, 
    "pobre": -0.519840095832915, 
    "decepcionar": -0.4724835202624323, 
    "exquisito": 1.225474124926615, 
    "arroz": -0.48744608809289375, 
    "delicioso": 1.051230917904592, 
    "música": 0.5364120848985472, 
    "bueno": 1.185889688586035, 
    "chef": 0.500476586672138, 
    "hablar": -0.36527094908250385, 
    "inmejorable": 0.5065125211482454, 
    "tardar": -1.265710774241614, 
    "abundante": 0.9329732420105051, 
    "todo": 0.6201365243072842, 
    "sólo": -0.3612363762932199, 
    "altamente": 0.5115258703790232, 
    "requerir": 0.4877123793971622, 
    "acorde": 0.44808650153572177, 
    "valer": 0.7159345256629379, 
    "muy": -0.32248791613611544, 
    "calefacción": 0.43145307358133583, 
    "hermoso": 0.5669290796629158, 
    "favor": -0.48633660667005296, 
    "bien": 0.6966000860642736, 
    "horrible": -0.6307660380636835, 
    "pagar": -0.5638809607065702, 
    "solo": -0.9561159506756085, 
    "encima": -1.19196695184835, 
    "crudo": -0.958497592614387, 
    "realismo": -0.4381683669861415, 
    "increíble": 0.4232644406941191, 
    "variar": 0.6027199407315188, 
    "aceite": -0.37003275346246206, 
    "olor": -0.555698243094442, 
    "caro": -0.9095844909734468, 
    "parecer": -0.32888831932081825, 
    "dueño": 0.5136350836926212, 
    "super": 1.0228179777509865, 
    "ambiente": 0.9765115823571633, 
    "sabor": 0.5199758096273897, 
    "luego": -0.36629580810921425, 
    "probar": 0.8607454907461759, 
    "justo": 0.9123426822503367, 
    "bárbaro": 0.3339975067739617, 
    "chorizo": -0.44461817406711746, 
    "esperar": -0.30605412559374756, 
    "sucio": -0.6235467961151955, 
    "quemar": -0.6019243143941256, 
    "agradable": 0.8722807787410747, 
    "claro": -0.7801738873422923, 
    "ambientación": 0.6294793587443204, 
    "adinerar": -0.5230414779058088, 
    "cálido": 1.0629119110416931, 
    "lamentable": -0.5798021924679861, 
    "amigo": 0.5656914598072845, 
    "dejar": -0.5091023195053996, 
    "siempre": 0.9288723480665412, 
    "cara": -0.4451471033947395, 
    "aire": 0.8150612931317845, 
    "llegar": -0.5270022517544151, 
    "duda": -0.6728026310863436, 
    "feo": -0.44529373337697054, 
    "recomendar": 2.0083319622702804, 
    "comida": -0.41298566632707456, 
    "milanés": -0.5231939023775067, 
    "freír": -0.5208720155218218, 
    "2": -0.9186918197601224, 
    "variedad": 0.472912340838013, 
    "cuidar": 0.4469821578938258, 
    "venir": -0.45926516101680476, 
    "demasiado": -0.7392401234283591, 
    "tranquilo": 1.037023934474838, 
    "papa": -0.7702434520521453, 
    "musicar": 0.45697933612129377, 
    "familia": 0.5218394534435445, 
    "imperdible": 0.6328831677962538, 
    "detalle": 0.6622541758877649, 
    "placer": 0.45680977692269276, 
    "grasa": -0.3268982935275688, 
    "peso": -0.6532950115275784, 
    "malo": -2.2274667899973886, 
    "pollo": -0.5237281929048633, 
    "espectacular": 0.8946944049942912, 
    "tampoco": -0.8602916851003062, 
    "sabroso": 0.7778708899755072, 
    "duro": -1.0416159316170368, 
    "cordial": 0.5282936213084599, 
    "genial": 1.0178363546671259, 
    "esmerar": 0.4803697639604527, 
    "disfrutar": 0.6980236358767508, 
    "perder": -0.45412038402971344, 
    "vacío": -0.5523287475794741, 
    "excelente": 2.1961393490137016, 
    "incomible": -0.6763010648067957, 
    "mejor": 0.809090857364542, 
    "mediocre": -0.5842608301419925, 
    "bastante": -0.9018253979435261, 
    "cobrar": -0.8055332505550943, 
    "medio": -0.3440584225193821, 
    "cuenta": -0.44344319571612173, 
    "recomendable": 1.5505286837169319, 
    "ideal": 1.0546507983972842, 
    "5": -1.0181185750294948, 
    "ensalada": -0.42769944914784686, 
    "nada": 0.3043719460238216, 
    "pedir": -1.2758253753658317, 
    "lugar": 0.6026905415834607, 
    "cómodo": 0.5233760872678902, 
    "ruidoso": -0.5194976778340288, 
    "maravilloso": 0.48222383779471595, 
    "postre": 0.43799625130562847, 
    "devolver": -0.35963519391573956, 
    "fresco": 0.7842697652601773, 
    "pareja": 0.4332035519926999, 
    "encantar": 1.0848460492549572, 
    "regular": -1.0462063827081851, 
    "escaso": -0.6611443424944671, 
    "mesa": -0.5916228404375031, 
    "mal": -1.2241115865487957, 
    "sentir": 0.35396069333283653, 
    "recalentar": -0.8631366248597837, 
    "acogedor": 0.5539772783109151, 
    "seco": -0.8711187082667022, 
    "casero": 0.5440494528908193, 
    "después": -0.5471358946052247, 
    "volver": 1.1721666757069915
}