{
    "íntimo": 1.182, 
    "global": -0.5795340739505132, 
    "hervir": -1.2751273029177497, 
    "impecable": 1.8005955523472792, 
    "sublime": 0.9655689940178673, 
    "maleducado": -0.9594624005746932, 
    "frío": -1.694, 
    "quedar": -0.47726738144431663, 
    "asado": -0.9849035449989868, 
    "atento": 1.3950518898664155, 
    "desastroso": -1.23596025406769, 
    "recomer": 1.3065172860139977, 
    "8": 0.44895229181415514, 
    "magnífico": 0.8339415365885958, 
    "desilusionar": -0.6048479116544281, 
    "felicitación": 1.28803686705194, 
    "ya": 0.4222127786447224, 
    "nada": 0.3080247392944536, 
    "cómodo": 1.0533417255487163, 
    "perfecto": 1.2652465096038048, 
    "lento": -1.0972678147366395, 
    "minuto": -1.6109550577651268, 
    "traza": 0.7719411534603476, 
    "desear": -1.3770296858163857, 
    "equivocar": -1.1487281860549448, 
    "confortable": 1.0237103210486944, 
    "traer": -1.3559676986043392, 
    "desastre": -2.2074712511024552, 
    "impresentable": -0.9604992202085488, 
    "peor": -1.795155921495206, 
    "móvil": -0.7575713743512689, 
    "haber": -0.38669178078229094, 
    "decepcionar": -1.5161040519918632, 
    "súper": 1.041, 
    "exquisito": 1.822834443735247, 
    "delicioso": 2.0519303880322206, 
    "relajar": 1.192932200920432, 
    "pobre": -1.5464894070620114, 
    "cálido": 1.3697653296532124, 
    "inmejorable": 1.582998819760456, 
    "tardar": -1.5983011784100791, 
    "abundante": 1.08, 
    "contar": -0.3673064456091602, 
    "ruidoso": -1.0006747545286911, 
    "encantador": 0.9727838015471862, 
    "motivo": 0.5621371300270427, 
    "descuidar": -1.089394918491788, 
    "creer": 0.6318363466068374, 
    "recomendable": 0.8116943317087162, 
    "altamente": 1.1907936038848785, 
    "requerir": 1.1805713687233457, 
    "malo": -2.3843422005114783, 
    "nunca": 0.3576959187508976, 
    "hermoso": 0.8409909156994959, 
    "re": -0.40152027225321807, 
    "bien": 0.39331544401862967, 
    "lastimar": -1.1166729494093948, 
    "7": -0.4669122309033854, 
    "horrible": -1.7973230446811952, 
    "personalizar": 1.4347155993405936, 
    "estupendo": 1.022, 
    "calentar": -0.954129031675433, 
    "calidez": 1.0032935043377098, 
    "encima": -1.2922626480861872, 
    "crudo": -1.6307509180867137, 
    "fresco": 1.238312261404081, 
    "increíble": 1.0843664250429559, 
    "variar": 1.1209967073016311, 
    "aceite": -1.0177212192690626, 
    "olor": -0.7132259097254986, 
    "caro": -1.0533928765244591, 
    "parecer": -0.8356815764774529, 
    "super": 1.078704930683123, 
    "vergüenza": -1.3085402732315943, 
    "congelar": -1.1629418139565109, 
    "grabar": -0.3760460656773362, 
    "precio": -0.6311343529785853, 
    "delicia": 1.1326387133454758, 
    "supuestamente": -1.009133144906355, 
    "bárbaro": 1.195544247881811, 
    "dudar": -1.194528865851555, 
    "insoportable": -0.9600845738651725, 
    "zafar": -1.3378444831478773, 
    "clima": 1.0972515560983531, 
    "recalentar": -2.218, 
    "desagradable": -1.0312361549411373, 
    "sucio": -1.4048438664155374, 
    "quemar": -1.5811023858556532, 
    "agradable": 1.021, 
    "duro": -1.6688089163799869, 
    "claro": -0.6874710916011972, 
    "cordial": 1.2752356565895242, 
    "contener": 0.7649367486292286, 
    "lamentablemente": -1.092229469793915, 
    "buenísimo": 1.0111325236928193, 
    "patético": -0.9741348208314088, 
    "soso": -1.0368000011988745, 
    "espantoso": -1.0755675441577153, 
    "demorar": -0.8640522448036645, 
    "milanés": -1.1167144586422395, 
    "combinación": 1.083861347438112, 
    "sabroso": 1.271447866530698, 
    "duda": -0.6546208248121579, 
    "feo": -1.4784887719353128, 
    "llenar": 0.5953763928876551, 
    "lamentable": -1.4407996969309964, 
    "mitad": -0.5364309733968735, 
    "encanto": 0.7085381950880681, 
    "decepcionante": -1.187456821657477, 
    "velada": 0.9662320076549993, 
    "excepcional": 0.987, 
    "este": -0.3041046465461027, 
    "dormir": 0.3951184698291141, 
    "defraudar": -0.9879964947499116, 
    "pacto": -0.9857452848118399, 
    "rescatable": -1.0136515064200653, 
    "gomoso": -0.6199113468611553, 
    "tranquilo": 1.1344047672059063, 
    "exquisitez": 0.9294329036466897, 
    "mercado": 0.47626574843768293, 
    "imperdible": 1.4421422739534544, 
    "limpio": 1.0, 
    "insulso": -1.3878950900106555, 
    "reclamar": -1.3299502701786492, 
    "oler": 0.32586280872625334, 
    "guate": 0.6862769175735974, 
    "lechuga": -1.2622706225687408, 
    "placer": 1.1383017767584134, 
    "grasa": -1.2382956198805763, 
    "casi": -0.5227624333371135, 
    "riquísimo": 0.5874291543190091, 
    "refrescar": -0.5825683081845278, 
    "degustación": 1.0193288440832553, 
    "insípido": -1.2566685610185717, 
    "ropa": -0.5815191095398768, 
    "flojo": -1.0542545608287928, 
    "accesible": 0.974411124255677, 
    "espectacular": 1.1677781478457299, 
    "tampoco": -1.0417490210817972, 
    "desabrida": -0.9792891847966836, 
    "incomible": -1.9835921097437579, 
    "impetrar": -0.42273667940796816, 
    "real": -0.4973964770788551, 
    "genial": 1.3846657961867235, 
    "tirar": -0.8843092954303019, 
    "sito": 0.5531664692417375, 
    "justo": 0.8680434406794296, 
    "ir": -0.3547750518842293, 
    "esmerar": 0.9724482892797759, 
    "disfrutar": 1.0581774996721043, 
    "vacío": -1.1809989112747639, 
    "excelente": 1.50969505579449, 
    "cocer": -1.054600561836357, 
    "petar": 0.7300714735149013, 
    "mediocre": -1.4196895950496198, 
    "recomendar": 0.9982832517730913, 
    "tan": 0.3209559603934521, 
    "microondas": -1.115584505048669, 
    "cobrar": -1.291, 
    "golpe": 0.5654279271090975, 
    "cartón": 0.31429297980777393, 
    "ideal": 1.6119598142825997, 
    "pasar": -0.511598560872518, 
    "pedazo": -0.571526520478135, 
    "9": 0.49969870286245927, 
    "pretencioso": -0.937719959343621, 
    "maravilloso": 1.2468357179844463, 
    "papa": -0.9327966686538137, 
    "eternidad": -0.9824871258363143, 
    "gallardo": -0.542490383532878, 
    "pasable": -0.9656944837761866, 
    "encantar": 1.767285265909788, 
    "regular": -2.20217677771261, 
    "escaso": -1.356050178888613, 
    "grasoso": -1.3918804536326905, 
    "aceptable": -1.0271011756683774, 
    "mal": -1.0705349336391448, 
    "amojar": 1.1525234232165977, 
    "encargado": -1.0612099647068425, 
    "hacer": 0.3010191062877457, 
    "esperar": -0.3147201951453973, 
    "colmo": -1.2543223448982037, 
    "desilusión": -1.1919964886506413, 
    "acogedor": 1.2953052355062302, 
    "seco": -1.4806840150730043, 
    "adictivo": 1.0249457677062501, 
    "levantar": -0.8813388310149354, 
    "casero": 0.7915781405875391, 
    "aburrir": -0.8213031065629477, 
    "aceitoso": -1.1685713796726886, 
    "caída": 0.5931197855391269
}