{
    "inversión": 0.48613332762314204, 
    "tener": -0.8204635816591613, 
    "menos": -0.36223060028389964, 
    "frío": -1.7047898078313442, 
    "energía": 0.7801400623414153, 
    "internacional": -0.9568441636505951, 
    "nadie": -1.136842950525965, 
    "atento": 1.4263411760437161, 
    "bloc": 0.5961666297611135, 
    "carbono": -0.3028139622516785, 
    "factor": 0.6357263542087063, 
    "magnífico": 1.0999001206241934, 
    "desastre": -2.7495992463263863, 
    "negociación": -1.856104197286016, 
    "ya": 0.45450877008170226, 
    "híbrido": -0.4632599894112002, 
    "causa": -0.3383154658512229, 
    "adaptación": 0.31149998754000074, 
    "minuto": -1.6299999592500043, 
    "presupuesto": -0.3034374878625005, 
    "2": -0.4248847148623341, 
    "traer": -1.755249974588543, 
    "líder": -0.5775259750099654, 
    "peor": -2.422581707753756, 
    "montear": -0.7799013430232378, 
    "cultivo": -0.5884999705750016, 
    "pobre": -1.759275675982155, 
    "colmo": -1.5492897873611071, 
    "conducta": -0.5985993069301265, 
    "hora": -0.579074973252252, 
    "bueno": 0.5739158009047085, 
    "guerra": -0.599330750817764, 
    "haber": -0.37835463147196935, 
    "iraquí": -0.39240735329208426, 
    "tardar": -2.012895821781337, 
    "extracción": -2.1224997453000283, 
    "gracia": 0.5257951936516205, 
    "requerir": 1.7499055829457035, 
    "mostrar": 0.58562016985094, 
    "eje": -0.3121999937560001, 
    "muy": -0.7104177733138615, 
    "oferta": -1.733670776896778, 
    "producción": -0.4291145268332525, 
    "hermoso": 1.502783301846447, 
    "crudo": -2.546999872650015, 
    "estar": 0.3511435163361708, 
    "suponer": -0.5412627149818152, 
    "quío": -0.48176574767627, 
    "capital": -0.9597535172092914, 
    "método": 0.40339581130711966, 
    "calentar": -1.406067690035484, 
    "increíble": 1.3223166600887224, 
    "aceite": -2.0597498823000127, 
    "caro": -0.962, 
    "parecer": -0.944442332619923, 
    "necesario": -1.0385713673817667, 
    "conseguir": 0.6161709955082711, 
    "dudar": -1.1666249854171888, 
    "película": -0.31125959668009595, 
    "escaso": -1.6764999720583362, 
    "cincar": -1.4242319950381916, 
    "sucio": -1.6412064671820388, 
    "uno": -0.6316338738101571, 
    "claro": -1.2296912982630421, 
    "administración": -0.39881326322678606, 
    "hablar": 0.6249508546701492, 
    "defensor": -0.3261464206854263, 
    "siempre": -1.0994912691212313, 
    "combinación": 1.2303083272130975, 
    "duda": -1.3059750768416967, 
    "recomendar": 1.1287036995960222, 
    "mitad": -1.0908189049258055, 
    "firmar": -0.5423857896427328, 
    "más": -3.346847757245163, 
    "defraudar": -0.9490416694059026, 
    "pacto": -1.0508620665730708, 
    "vivir": 0.33539348574295813, 
    "bus": -1.0634458798382131, 
    "país": -0.35819265574369247, 
    "crecimiento": -0.5699341599158404, 
    "camuflar": -0.491874989014792, 
    "limpio": 1.094983831988012, 
    "reducir": -0.5666533555016456, 
    "caso": -0.47076300668968274, 
    "malo": -2.3273299081247196, 
    "estupendo": 1.3342777487580268, 
    "noticia": -0.6093084973499331, 
    "emisión": -0.690671356740283, 
    "espectacular": 1.4811298335238403, 
    "tampoco": -1.1519866958629916, 
    "duro": -1.8297142595755127, 
    "este": 0.4978294890680643, 
    "cantidad": 0.3313489547355815, 
    "vacío": -1.472533317445034, 
    "excelente": 1.559, 
    "absoluto": -0.5394316261941948, 
    "mediocre": -1.7465902672187648, 
    "tan": -0.6574505205874752, 
    "hipocresía": -0.422333319255556, 
    "muestra": -0.30255285175202357, 
    "perforación": -0.8546598715104684, 
    "carbón": -0.6033934920703125, 
    "tecnología": 0.42930144783034324, 
    "animal": 0.6050166353098907, 
    "informe": 0.6183332984089526, 
    "encantar": 1.8393540432203002, 
    "regular": -2.5752647867020015, 
    "palma": -0.637541631520141, 
    "clima": 1.2501421413490226, 
    "mal": -1.935387307393432, 
    "hacer": -0.42836306748024666, 
    "resultado": -0.31210848183351186, 
    "naturaleza": 0.6199822710619031, 
    "suerte": -0.7399548643082963, 
    "quemar": -1.723521422185424
}