{
    "decepción": -1.7001926396504041, 
    "bueno": 0.36081080949676975, 
    "dar": -0.6981205779407126, 
    "tener": -0.35208612734691913, 
    "íntimo": 1.4774999704500023, 
    "ojo": -0.34050780013191795, 
    "ver": 0.8831715537294392, 
    "cerrar": -0.3508162098062662, 
    "realmente": -0.7947508514878772, 
    "divertir": 0.3099114305380423, 
    "demorar": -0.9613583335258532, 
    "nadie": -1.0864486059642946, 
    "atento": 1.418, 
    "enfermar": -0.3085999938280001, 
    "lamentablemente": -1.4634262216826426, 
    "recomer": 1.5052694700130855, 
    "magnífico": 0.9948484840610652, 
    "cargar": -0.31424852707234374, 
    "desilusionar": -0.9848863628902376, 
    "felicitación": 1.3872314228240865, 
    "ya": -0.4522110062348791, 
    "peludo": -0.3124999921875002, 
    "cómodo": 1.172111838179965, 
    "historia": -0.6649356798889725, 
    "perfecto": 1.676235398759853, 
    "lento": -1.4213012786682615, 
    "minuto": -1.3326851850258574, 
    "instalar": 0.531989500967198, 
    "desear": -1.3687525336001962, 
    "vicioso": 0.4344166565737966, 
    "equivocar": -1.1547656244448243, 
    "traer": -1.4781052607295475, 
    "actualización": -0.620574647540072, 
    "desastre": -2.5977693904686685, 
    "impresentable": -0.9873137254405613, 
    "peor": -2.093311148740096, 
    "pobre": -1.6519411757312283, 
    "decepcionar": -1.670499988577779, 
    "colmo": -1.286356944032376, 
    "insultar": -0.45299998490000054, 
    "gran": 0.5318280505475417, 
    "entender": -0.9280376110559563, 
    "útil": 0.3712703243240683, 
    "lengua": -0.5075789776446129, 
    "delicioso": 2.150799998279636, 
    "fuera": -0.7184999640750019, 
    "ses": -0.8554198704765152, 
    "relajar": 1.2953289320349748, 
    "práctico": 0.3005091443321126, 
    "colorido": -0.3486666550444449, 
    "inmejorable": 1.6666829227641884, 
    "tardar": -2.9120654945956104, 
    "relación": -0.5754999712250015, 
    "salir": -0.6021797921336188, 
    "encantador": 0.984, 
    "descuidar": -1.4387499712250023, 
    "todo": 0.4097092205050783, 
    "recomendable": 1.4140263615167643, 
    "gol": -1.5911591652403223, 
    "altamente": 1.330240317083899, 
    "requerir": 1.2728425752790673, 
    "tipo": -0.5720389106857824, 
    "nunca": -0.3560400048949195, 
    "juego": 0.5275141656878369, 
    "muy": 0.493962973270231, 
    "hermoso": 1.1860128201471236, 
    "lastimar": -1.1947998851900592, 
    "estar": 0.3724214779982642, 
    "horrible": -2.0171457335956133, 
    "personalizar": 1.4689155552659556, 
    "súper": 1.0589639792885268, 
    "solo": -0.40844884281261373, 
    "aceptable": -1.0427568320863163, 
    "encima": -1.2883562964827153, 
    "increíble": 0.8036411476164054, 
    "herramienta": -0.4655377779254775, 
    "papelería": -0.5999999700000016, 
    "variar": 1.158, 
    "trabajo": -0.5014785949991848, 
    "caro": -1.0265477586843144, 
    "super": 1.2958259799412446, 
    "vergüenza": -1.727945097896524, 
    "congelar": -1.356891664912478, 
    "justo": 1.1024396532420444, 
    "encantar": 2.0793578591125423, 
    "supuestamente": -1.0241927698503703, 
    "bárbaro": 1.291, 
    "dudar": -1.083088887915901, 
    "zafar": -1.362, 
    "información": -0.6484937424573223, 
    "clima": 1.0996747956595567, 
    "desagradable": -1.0885416648524306, 
    "quemar": -2.4209998789500142, 
    "agradable": 1.0307238092830293, 
    "claro": -1.1211453445124957, 
    "simplemente": 0.604839124588696, 
    "reclamar": -1.6009774805813697, 
    "desastroso": -1.4873214162735977, 
    "buenísimo": 1.3101579371677146, 
    "patético": -1.2203333188055565, 
    "pesar": -0.45299998490000054, 
    "espantoso": -1.116, 
    "rápido": 0.5051491248783853, 
    "combinación": 1.2021333298897225, 
    "duda": -1.1955743318408543, 
    "feo": -1.640244196525522, 
    "recomendar": 1.2947096108625602, 
    "disco": -0.3913555498136976, 
    "interfaz": -0.7548124583576563, 
    "lamentable": -1.9068940123233755, 
    "mitad": -0.971, 
    "encanto": 1.0295663071912162, 
    "faltar": -0.7386411879614269, 
    "decepcionante": -1.203, 
    "excepcional": 1.0001599995086934, 
    "este": -0.4540163028322602, 
    "defraudar": -0.996, 
    "gomoso": -1.4067857082566328, 
    "tranquilo": 1.571, 
    "itas": -1.7947021718151024, 
    "mente": 0.4211697792399279, 
    "descargar": -0.3679264094976939, 
    "limpio": 1.0166666662222221, 
    "entretener": 0.7786006632673963, 
    "grasa": -1.5705507243750472, 
    "vez": -0.6090341764861215, 
    "malo": -3.483667151143918, 
    "estupendo": 1.0368115936447806, 
    "flojo": -1.104006121147005, 
    "accesible": 0.983, 
    "error": -0.4996197432298638, 
    "espectacular": 1.5512863976499367, 
    "tampoco": -1.0091146341810915, 
    "sublime": 0.977, 
    "duro": -1.8635978733991898, 
    "cordial": 1.3, 
    "genial": 1.668135019568836, 
    "tirar": -1.0695297983737102, 
    "funcionamiento": -0.329495848528063, 
    "disfrutar": 1.1520519445431776, 
    "ap": 0.5934048017691005, 
    "as": -0.6334082393633051, 
    "vacío": -1.4999999700000024, 
    "excelente": 2.653013711521453, 
    "salvar": 1.6831274412795159, 
    "mediocre": -1.7075866556256452, 
    "montón": 0.3027999873249037, 
    "bastante": -0.5531342481020429, 
    "cobrar": -1.6046603556263714, 
    "poner": 0.8761968953765047, 
    "mil": -0.4659537805759061, 
    "impecable": 1.8556893203779714, 
    "ideal": 1.6982779481573143, 
    "hecho": 0.35779996915939516, 
    "confidente": 0.607416635383798, 
    "maravilloso": 1.328997138538903, 
    "papa": -1.0995384530804742, 
    "eternidad": -1.0001976743939562, 
    "delicia": 1.190666666203584, 
    "regular": -2.246314326587856, 
    "escaso": -1.4750819855312014, 
    "masturbar": -1.6677998301713504, 
    "mal": -1.9551366778561792, 
    "amojar": 1.5381157486695671, 
    "dulce": 0.4127483579894512, 
    "gracia": -0.5489734449175959, 
    "seco": -1.7015294067602078, 
    "adictivo": 1.5125196092589548, 
    "levantar": -1.0336428551061225, 
    "aburrir": -1.0797115349037847
}