{
    "decepción": -1.659972652994345, 
    "incluso": 0.6853773359182421, 
    "encantar": 1.5835384632705896, 
    "íntimo": 1.160522075721561, 
    "hervir": -1.2305613014395511, 
    "menos": -0.6402711061740766, 
    "sublime": 0.9247301494700718, 
    "eternidad": -0.9709356226068091, 
    "maleducado": -0.977692887620474, 
    "frío": -1.6738578457973319, 
    "asado": -1.0072240978367029, 
    "atento": 1.4231257475266372, 
    "desastroso": -1.3069651907100444, 
    "recomer": 0.709068926955514, 
    "magnífico": 0.9999465912917372, 
    "desilusionar": -0.9599748118931166, 
    "felicitación": 1.2913672437147503, 
    "cómodo": 1.3786529958808187, 
    "acierto": -0.7001857476410239, 
    "sabio": 0.805870345500588, 
    "perfecto": 1.6751625026680106, 
    "lento": -1.1624240207882504, 
    "minuto": -1.2281353947077664, 
    "desear": -1.2944003032747649, 
    "equivocar": -1.1462647503964838, 
    "traer": -1.3459165363764436, 
    "desastre": -2.581131222767536, 
    "lamentable": -1.753399721955058, 
    "impresentable": -0.9329885350996997, 
    "peor": -2.0243992047566635, 
    "pobre": -1.595083565053205, 
    "decepcionar": -1.5551245518304873, 
    "colmo": -1.3120618190292244, 
    "exquisito": 2.151961321796898, 
    "grasa": -1.5540984742435136, 
    "delicioso": 2.1066325797266314, 
    "relajar": 1.1874806808603249, 
    "cálido": 2.0981733777945215, 
    "inmejorable": 1.521758580699661, 
    "tardar": -1.5502540082888137, 
    "abundante": 1.1435566296160413, 
    "ruidoso": -1.0946263010860988, 
    "encantador": 0.9403791191225942, 
    "descuidar": -1.1157672384882515, 
    "creer": -0.30677004516912243, 
    "recomendable": 1.7605338969808442, 
    "altamente": 0.753160475098674, 
    "requerir": 1.2356207673240043, 
    "malo": -2.156249360729911, 
    "hermoso": 1.1702218522514967, 
    "poco": -0.3688462918034576, 
    "crudo": -1.2538134527520532, 
    "lastimar": -1.0404181073073384, 
    "horrible": -1.8198355092498189, 
    "personalizar": 1.4640820899403315, 
    "súper": 0.9981739118350403, 
    "calidez": 1.0263957840985145, 
    "saludo": -0.49135590759376113, 
    "encima": -1.2000186234626908, 
    "fresco": 1.2563314046624254, 
    "increíble": 1.044353009909193, 
    "variar": 1.4774008031117962, 
    "aceite": -1.105118959104196, 
    "olor": -1.1288377699114134, 
    "caro": -0.8772146035497904, 
    "usar": 0.3517428249284465, 
    "super": 0.9426194551458439, 
    "vergüenza": -1.6253834771429156, 
    "congelar": -1.0863605283354079, 
    "luego": -0.32940724374696245, 
    "justo": 0.7848270963233419, 
    "explicar": 0.4788292143027823, 
    "supuestamente": -0.9963441209356624, 
    "bárbaro": 1.0650211590085097, 
    "dudar": -1.2805548192512926, 
    "insoportable": -0.7265322501109024, 
    "zafar": -1.2923491814867927, 
    "mismo": 0.5411727026363241, 
    "clima": 1.0911403042721854, 
    "recalentar": -2.1669362567262116, 
    "desagradable": -1.1218604488334645, 
    "sucio": -1.689473248879741, 
    "quemar": -1.5973645792112463, 
    "agradable": 1.3922516980953006, 
    "claro": -1.1914434349749656, 
    "ruido": -0.3965778854308403, 
    "cordial": 1.311651114876563, 
    "lamentablemente": -0.8370901620403962, 
    "buenísimo": 0.9746731823045641, 
    "mucho": -0.3024541914239311, 
    "tenia": 0.5253400329227701, 
    "soso": -1.0426835457554717, 
    "espantoso": -1.0963709702163493, 
    "demorar": -0.9516114162844874, 
    "milanés": -1.1837968883267604, 
    "combinación": 1.126001940403824, 
    "sabroso": 1.26595187379902, 
    "estancia": -0.3309557590989887, 
    "duda": -3.3120511534126655, 
    "feo": -1.2567841031997022, 
    "recomendar": 2.427391032053427, 
    "calentar": -1.1863361784255906, 
    "utensilio": 0.5554801346355288, 
    "mitad": -1.0383859667873563, 
    "encanto": 0.8239667532213519, 
    "decepcionante": -1.2463884801147567, 
    "mejorar": -0.5709703092990686, 
    "excepcional": 1.0038411248342367, 
    "patético": -1.0431687148534696, 
    "defraudar": -1.0988565115777211, 
    "pacto": -1.0051805900787185, 
    "rescatable": -1.28606247444281, 
    "gomoso": -1.2952900013565727, 
    "tranquilo": 1.724109937522787, 
    "exquisitez": 0.9087639722912892, 
    "imperdible": 1.7581785266778027, 
    "limpio": 1.375881039606066, 
    "insulso": -1.3868452216293998, 
    "bajar": 0.5395450066865147, 
    "confortable": 1.1032474957163887, 
    "lechuga": -1.298608419107826, 
    "placer": 1.153808062678707, 
    "durar": -0.4864913967487416, 
    "riquísimo": 1.9144537595419435, 
    "degustación": 0.9782679851114016, 
    "llevar": -0.4366650621058024, 
    "insípido": -1.338962248846035, 
    "estupendo": 1.080792494374506, 
    "flojo": -1.0222381345867908, 
    "accesible": 0.9299247765617237, 
    "espectacular": 1.4520448765071277, 
    "tampoco": -0.8053776514839143, 
    "desabrida": -0.9976205713814823, 
    "incomible": -2.0353092998622198, 
    "duro": -1.6498108128557687, 
    "reclamar": -1.277215814812758, 
    "genial": 1.4951081787518399, 
    "tirar": -0.9965212738371179, 
    "velada": 1.0066581948790339, 
    "aceitoso": -1.2591785561401905, 
    "esmerar": 0.9997628134974292, 
    "disfrutar": 1.2064521552758753, 
    "vacío": -1.2318208745304213, 
    "excelente": 1.3933621978308504, 
    "cocer": -1.0701036905413905, 
    "mediocre": -1.5345520207770815, 
    "bastante": -0.30574108152075147, 
    "microondas": -1.0694977544843534, 
    "cobrar": -1.3156507601150635, 
    "impecable": 1.856996104299992, 
    "ideal": 1.6856204545772482, 
    "pedazo": -1.0241161178907847, 
    "huésped": -0.3903960814369834, 
    "trato": 0.3116008623797496, 
    "pretencioso": -0.9490010570131483, 
    "maravilloso": 1.3391433918837867, 
    "papa": -1.0599267395677434, 
    "merecer": 0.569611110727407, 
    "pasable": -1.1345767927109551, 
    "delicia": 1.1455954433069315, 
    "regular": -1.9889135312327586, 
    "escaso": -1.505731767456409, 
    "grasoso": -1.3752973111044873, 
    "aceptable": -0.9000432809321163, 
    "mal": -1.7758429210184739, 
    "amojar": 1.0880632082009032, 
    "encargado": -1.035819436743912, 
    "desilusión": -1.2833811216952495, 
    "acogedor": 1.1475868578402924, 
    "seco": -2.09584477314628, 
    "adictivo": 1.2581479431998763, 
    "levantar": -1.0338597670316523, 
    "casero": 0.9841626766595714, 
    "aburrir": -0.9784559201625936, 
    "volver": 0.3698427102945828
}