{
    "atención": 0.7765335954745236, 
    "olvidar": -0.8570410575415555, 
    "carne": -0.5121111667842719, 
    "menos": -0.8108027712966963, 
    "destacar": 0.5584099291306718, 
    "forma": 0.3079276891830113, 
    "también": 0.5660351368133, 
    "frío": -1.23848615822819, 
    "3": -0.5293624862687659, 
    "terminar": -0.45022021363323156, 
    "0": -0.4461820483215468, 
    "atento": 0.8988787318972709, 
    "decir": -1.2290653320507525, 
    "4": -0.8390562556937609, 
    "recomer": 1.1722419594193567, 
    "gustar": 0.5215751592190602, 
    "queso": -0.32965061315829697, 
    "amable": 0.33474995104597344, 
    "nada": -1.1120856911878672, 
    "horrible": -0.7860533639874184, 
    "perfecto": 0.8199008533791313, 
    "lento": -0.5518022811181221, 
    "volver": 1.313890961534488, 
    "desear": -0.746067668130934, 
    "traer": -1.3442331438336765, 
    "desastre": -1.2176927701328786, 
    "peor": -1.255786333513707, 
    "necesitar": -0.4197248857228721, 
    "pobre": -0.70221662776175, 
    "decepcionar": -0.5853842258160994, 
    "exquisito": 0.9693559411535763, 
    "arroz": -0.5044807017294259, 
    "delicioso": 1.0731066217543055, 
    "música": 0.5521779856417591, 
    "bueno": 1.5552353369681242, 
    "inmejorable": 0.36983055540992016, 
    "tardar": -1.1748959391096372, 
    "abundante": 0.9274020931054073, 
    "recomendable": 1.3528290740607851, 
    "altamente": 0.5335980452877214, 
    "requerir": 0.4492059128234947, 
    "acorde": 0.37763828757994766, 
    "valer": 0.6151526416739944, 
    "muy": 1.6362145553294518, 
    "hermoso": 0.5682758203649627, 
    "favor": -0.3451799010913224, 
    "bien": 0.4788689954750553, 
    "riquísimo": 0.7456230284570156, 
    "pagar": -0.7693632466837219, 
    "solo": -0.6779504840040672, 
    "encima": -0.7136413029563098, 
    "crudo": -0.9273548460750897, 
    "fresco": 0.7691352117075806, 
    "increíble": 0.7487844957237647, 
    "pollo": -0.5378870183219672, 
    "variar": 0.5042085879044913, 
    "olor": -0.44123804645373493, 
    "interno": 0.33622390980104283, 
    "caro": -0.9084817710878739, 
    "parecer": -0.4379523115560968, 
    "cara": -0.45180205813154606, 
    "super": 0.7551096477543154, 
    "ambiente": 0.8627211776652376, 
    "sabor": 0.45943736334832497, 
    "probar": 0.5976590805677997, 
    "llegar": -0.43571722124751544, 
    "justo": 0.6116802144473328, 
    "bárbaro": 0.3384146690772716, 
    "chorizo": -0.4029674153081833, 
    "recalentar": -0.8357106926189588, 
    "después": -0.5067221416339976, 
    "quemar": -0.5826639267641026, 
    "agradable": 0.9784467219161045, 
    "hora": -0.7228439135331993, 
    "claro": -0.826646804690816, 
    "ambientación": 0.6361156071236312, 
    "servicial": -0.49916817396531543, 
    "cálido": 1.391758843561577, 
    "lamentable": -0.5794722007746542, 
    "amigo": 0.43288544628493636, 
    "siempre": 1.1071307907574455, 
    "dueño": 0.37972195941475795, 
    "aire": 0.5168761483440598, 
    "rico": 0.9417407486260668, 
    "duda": -0.9170333525438201, 
    "feo": -0.5554333059728974, 
    "recomendar": 0.5610595500945356, 
    "vergüenza": -0.410832435282483, 
    "milanés": -0.4793685809110766, 
    "freír": -0.5058090814408843, 
    "2": -0.5869937685765924, 
    "variedad": 0.42561008994276184, 
    "cuidar": 0.3254648334189069, 
    "venir": -0.5088483056844991, 
    "demasiado": -0.7380928048627124, 
    "tranquilo": 0.7517140955864533, 
    "familia": 0.3404874649134521, 
    "imperdible": 0.5917058525310114, 
    "detalle": 0.3291275964166303, 
    "placer": 0.42344173724020234, 
    "grasa": -0.33221950178074944, 
    "peso": -0.33159319052070396, 
    "malo": -1.4837856738418251, 
    "tema": -0.4306159909435764, 
    "espectacular": 0.8366911025439713, 
    "tampoco": -0.6169964937819981, 
    "sabroso": 0.7702341216464337, 
    "cordial": 0.4882569468803112, 
    "genial": 0.7249091875069906, 
    "esmerar": 0.42666198293822116, 
    "disfrutar": 0.97195972024527, 
    "perder": -0.5440964601434573, 
    "vacío": -0.5188487229366329, 
    "excelente": 2.533436075379786, 
    "incomible": -0.6682399244546416, 
    "mejor": 0.5393909798431964, 
    "mediocre": -0.47763211754764934, 
    "cobrar": -0.7727425132553838, 
    "medio": -0.3012042485400158, 
    "cuenta": -0.5820792228005897, 
    "impecable": 0.9958472858516935, 
    "ideal": 1.0663033144706036, 
    "5": -0.4871882677923821, 
    "sorprender": 0.47585404574529294, 
    "pedir": -1.0896055278025178, 
    "lugar": 0.8239515406840456, 
    "cómodo": 0.4203769933800127, 
    "ruidoso": -0.5560601907471913, 
    "maravilloso": 0.700030184420578, 
    "postre": 0.4572562595000995, 
    "papa": -0.7816176509221894, 
    "pareja": 0.5736152192144992, 
    "encantar": 1.1851061555814681, 
    "regular": -1.1059603259136486, 
    "escaso": -0.36584228646899014, 
    "mesa": -0.5274043751323145, 
    "mal": -1.038622500283712, 
    "musicar": 0.5112745321827122, 
    "acogedor": 0.5289552185532359, 
    "seco": -0.8361827921038573, 
    "casero": 0.6740237456224398, 
    "sucio": -0.48737877357312537, 
    "minuto": -1.0443214343041447
}