{
    "decepción": -1.7590599503823128, 
    "grial": -0.9265802007689075, 
    "diversidad": 0.4621175759950917, 
    "tener": -0.7364641901580642, 
    "lío": -0.6829999658500019, 
    "entrevista": 0.3844648702525007, 
    "lisiar": -0.9834980445657372, 
    "torio": -0.5580654690192568, 
    "presidencial": -0.30749998441875054, 
    "piedra": 0.6034980732952694, 
    "frío": -1.8249960277104869, 
    "íbero": 1.620892351950329, 
    "demorar": -1.0135357114021686, 
    "atento": 1.5730631436303244, 
    "lavar": 0.5048939212506366, 
    "recomer": 1.5234727221007935, 
    "8": -1.1554988085588385, 
    "desilusionar": -1.2926756566380395, 
    "felicitación": 1.3857861472558795, 
    "marco": -0.5722032990203768, 
    "oposición": -0.4344867331002078, 
    "seguridad": -0.34337155048628093, 
    "auto": 0.7184274439655961, 
    "sorprender": -0.7184999640750019, 
    "cómodo": 1.1972334893657304, 
    "marca": 0.5772891362633069, 
    "boxeo": 0.5098437240911147, 
    "patriarcado": -0.3543148018647124, 
    "perfecto": 1.6036124834796257, 
    "minuto": -1.4537989271346465, 
    "totalmente": 0.444661132562237, 
    "desear": -1.7656363279884326, 
    "tanto": -0.9838412147585635, 
    "equivocar": -1.3023049055602, 
    "teros": -0.9615277136759302, 
    "traer": -1.6574999862026791, 
    "desastre": -2.533901509397918, 
    "funcionar": 0.38952855860544944, 
    "niño": -0.597975095278035, 
    "peor": -2.110418134180787, 
    "bolso": -0.3438809470655896, 
    "necesitar": -0.8707104909763901, 
    "f": -0.9020507408822456, 
    "pobre": -1.7475876483131318, 
    "gran": 0.6157275895743418, 
    "además": -0.6081086963967217, 
    "ondular": 0.4824999742666683, 
    "hora": -0.8391394114904389, 
    "haber": -0.7661074114257741, 
    "basura": -0.7784915493967732, 
    "dar": -0.3349447281375159, 
    "tardar": -1.8664047595278346, 
    "abundante": 1.1806211117772465, 
    "paciencia": -0.5104999744750013, 
    "cotanza": 0.4934999753250013, 
    "requerir": 1.4851874882293534, 
    "nunca": -0.5221607072642971, 
    "marcar": 1.034930006055286, 
    "hermoso": 1.3880731099081065, 
    "poesía": 0.3293105066743802, 
    "estar": 0.5508982549774026, 
    "7": -0.30602492210273935, 
    "retórica": -0.7499999737500008, 
    "súper": 1.2058249882742924, 
    "foto": 0.6137647127369187, 
    "saludo": 1.364928001653992, 
    "encima": -1.527630009850197, 
    "increíble": 1.3004999837437516, 
    "variar": 1.3509999839166675, 
    "olor": -1.1064978350188321, 
    "trabajo": -0.3102911099197633, 
    "caro": -1.006357736070749, 
    "parecer": 0.366154634303297, 
    "super": 1.1051270392262982, 
    "vergüenza": -1.8050171545409932, 
    "viaje": 0.3246538578924963, 
    "realizar": 0.6441276821145856, 
    "c": 0.5919777326359044, 
    "vacar": -1.0281530176621922, 
    "justo": 1.2480062923354178, 
    "cliente": 0.5273486576358307, 
    "bárbaro": 1.291, 
    "dudar": -1.2818472132004826, 
    "mismo": -0.6759725928239928, 
    "clima": 1.2296249897531255, 
    "esperar": 0.5742283480635582, 
    "sesión": 1.127952660510975, 
    "sucio": -1.831083307915557, 
    "quemar": -1.951999988733334, 
    "importancia": -0.6589270568232218, 
    "claro": -1.1573240747547227, 
    "color": 0.3544446086941768, 
    "lamentablemente": -1.5606249592109411, 
    "salto": -0.30933086181433095, 
    "buenísimo": 1.1101749996712291, 
    "patético": -1.2025923423565439, 
    "cálido": 2.187193231036734, 
    "asado": -2.684333169116683, 
    "crisis": -0.8871668049927117, 
    "mejora": 0.7130845707949889, 
    "amigo": 0.987170513853003, 
    "dejar": -0.43141199650752604, 
    "siempre": 0.5761893251489416, 
    "llegar": -0.6545113982641495, 
    "duda": -1.1969770949125704, 
    "feo": -2.057675572913051, 
    "recomendar": 1.2549425130365979, 
    "lamentable": -2.048414407835687, 
    "mitad": -0.9885074233333445, 
    "encanto": 1.4804999259750087, 
    "2": -0.30426358704299167, 
    "excepcional": 1.009953486023364, 
    "votar": -0.3936897528936532, 
    "justicia": -0.5603506156726157, 
    "capacidad": -0.9119730103245972, 
    "más": -1.2623166895640476, 
    "defraudar": -1.118962955129767, 
    "pacto": -1.1853229022981235, 
    "pastor": 0.3521570373063886, 
    "tranquilo": 2.023381847325744, 
    "gobierno": -0.6602540347090393, 
    "muy": -0.5947309994420376, 
    "imperdible": 1.9546785644694837, 
    "detalle": 0.5310205524659365, 
    "limpio": 1.0, 
    "placer": 1.5068446257538513, 
    "vez": -0.920327140029721, 
    "malo": -2.157257874794637, 
    "estupendo": 1.0949999921785722, 
    "flojo": -1.0559203542407785, 
    "deporte": -0.34013746718589594, 
    "espectacular": 1.453, 
    "tampoco": -1.1272969651509936, 
    "taxista": -0.780091626876141, 
    "insoportable": -0.9840568170635718, 
    "batallar": 1.1712431715360136, 
    "duro": -1.6200595228111678, 
    "reclamar": -1.474147616308648, 
    "genial": 1.4400149947177638, 
    "tirar": -1.3173792228187708, 
    "velada": 1.2706874740666037, 
    "hartar": -0.387333315811112, 
    "ir": -1.136212562437811, 
    "disfrutar": 1.1707145591206423, 
    "perder": -0.3357167340434172, 
    "ap": 0.307509321960385, 
    "vacío": -1.532432416533967, 
    "excelente": 1.7478833854031108, 
    "gestión": -0.3547847474334672, 
    "viento": 0.9440514583547479, 
    "cobrar": -1.4637779545962768, 
    "rebuscar": -0.35099996490000274, 
    "ideal": 1.8393749921361022, 
    "5": -0.5369915633947017, 
    "fútbol": 0.582807422159394, 
    "pedir": 0.40033138284477976, 
    "típico": -1.0529998947000117, 
    "educación": -0.8077472646168247, 
    "persona": 1.7017161308281428, 
    "informe": 1.0044039356889756, 
    "maravilloso": 1.3059534860233641, 
    "papa": -1.276249974475002, 
    "encantar": 1.677264301316936, 
    "regular": -2.7004148918180197, 
    "escaso": -2.2991998821660133, 
    "mal": -1.7909129842932423, 
    "amojar": 1.1405592234887183, 
    "encargado": -1.2947461480380111, 
    "hacer": -0.8620825956309985, 
    "resultado": -0.7320632807531385, 
    "mente": -0.323503565953214, 
    "ironizar": 0.6228492281917896, 
    "adorar": 0.3352499916187502, 
    "seco": -1.7262005426051297, 
    "levantar": -0.9835314765277374, 
    "todavía": -0.532440299325124, 
    "balador": 0.30087585544015233, 
    "crónico": 0.640416626272572, 
    "comer": -0.6513509040257289, 
    "mensaje": 1.2500137651056642, 
    "frenteamplistas": -0.662062477178907
}