{
    "decepción": -1.7195215096012053, 
    "íntimo": 1.2374562909246065, 
    "hervir": -1.2721066484631334, 
    "sublime": 0.977665868819982, 
    "maleducado": -0.9689423632135823, 
    "frío": -1.9544725998808672, 
    "asado": -1.136296307228745, 
    "atento": 1.5877087017760467, 
    "desastroso": -1.2645927407718267, 
    "recomer": 1.5771527776003929, 
    "magnífico": 0.9735220300865486, 
    "desilusionar": -0.9810282058715599, 
    "felicitación": 1.1540482571017054, 
    "cómodo": 1.1847515358874363, 
    "perfecto": 1.4465992730734343, 
    "lento": -1.1379372109786512, 
    "minuto": -1.286849135853073, 
    "desear": -1.4350191723640142, 
    "equivocar": -1.1709405395475714, 
    "traer": -1.5256648479369421, 
    "desastre": -2.423254530730935, 
    "impresentable": -0.983477460295664, 
    "peor": -1.9798072896304681, 
    "pobre": -1.697846597509734, 
    "decepcionar": -1.5935535167907053, 
    "colmo": -1.3252713676005436, 
    "exquisito": 2.250920371891787, 
    "delicioso": 2.147549787674431, 
    "relajar": 1.284711008823105, 
    "soso": -1.0661147935646718, 
    "inmejorable": 1.6416794421350196, 
    "tardar": -2.1958047178364035, 
    "abundante": 1.363822355515949, 
    "ruidoso": -1.1556076811968505, 
    "encantador": 1.0200392657920456, 
    "descuidar": -0.9944100448538895, 
    "recomendable": 1.5612254923515867, 
    "altamente": 1.2683525648637828, 
    "requerir": 1.2593763820122734, 
    "malo": -1.8867171751426208, 
    "hermoso": 1.198417499493837, 
    "crudo": -1.8430411175982393, 
    "lastimar": -1.092084483616517, 
    "horrible": -1.7964064685265755, 
    "personalizar": 1.4830825253101376, 
    "súper": 0.7257537576528891, 
    "calidez": 1.0203723955748574, 
    "encima": -1.380963543105724, 
    "fresco": 1.4489529987228724, 
    "increíble": 1.0913808412852113, 
    "variar": 1.143366818134077, 
    "aceite": -1.164190224886993, 
    "olor": -1.196915689679984, 
    "caro": -1.3354900434763028, 
    "super": 1.3920482690233384, 
    "vergüenza": -1.5697033665716955, 
    "congelar": -1.188675782971424, 
    "sabor": 0.48564484580440803, 
    "justo": 1.0982418168660275, 
    "gusto": 0.5477630275622462, 
    "supuestamente": -1.032275839504054, 
    "bárbaro": 1.2682865524234586, 
    "dudar": -1.393265417097537, 
    "insoportable": -0.9882681253200547, 
    "zafar": -1.3653959391014459, 
    "clima": 1.12146469055839, 
    "recalentar": -2.3766070731855238, 
    "desagradable": -1.0691494112409086, 
    "sucio": -1.5245409020070337, 
    "quemar": -1.715853410076761, 
    "agradable": 1.1097667474428075, 
    "claro": -1.1183286780404968, 
    "cordial": 1.3162858493699594, 
    "lamentablemente": -1.1493486703664324, 
    "buenísimo": 1.104806144946745, 
    "patético": -1.0154270217503056, 
    "cálido": 2.2717017270021835, 
    "espantoso": -0.9998993264733372, 
    "demorar": -1.0418580715513175, 
    "milanés": -1.2572984067650106, 
    "combinación": 1.1961641044633173, 
    "sabroso": 1.426221448007989, 
    "duda": -2.6613766626773407, 
    "feo": -1.3390917229428827, 
    "recomendar": 3.2082329778610377, 
    "calentar": -1.2371551746455876, 
    "lamentable": -1.7731276384380157, 
    "mitad": -0.9964406786715709, 
    "encanto": 1.0032326058172762, 
    "decepcionante": -1.2054573713183256, 
    "excepcional": 1.0001264029004129, 
    "encantar": 1.725589806713413, 
    "defraudar": -1.1197819035442726, 
    "pacto": -1.0226056510635435, 
    "rescatable": -1.2464009442230117, 
    "gomoso": -1.378780066377869, 
    "tranquilo": 1.7085766580878687, 
    "exquisitez": 0.9063514353649281, 
    "imperdible": 1.8487929110708947, 
    "limpio": 1.0322153776159504, 
    "insulso": -1.4367144270521635, 
    "confortable": 1.0785071215178479, 
    "lechuga": -1.3095993483721207, 
    "placer": 1.1813208374454358, 
    "grasa": -1.6099444749996334, 
    "riquísimo": 1.9215571764452977, 
    "degustación": 1.0230915484284466, 
    "insípido": -1.3998073037598302, 
    "estupendo": 1.0230132104996963, 
    "flojo": -1.0659594150745872, 
    "accesible": 0.9676835007227038, 
    "espectacular": 1.4865429764453961, 
    "tampoco": -0.9236948998828921, 
    "desabrida": -1.0607700246598375, 
    "incomible": -2.045102632873501, 
    "duro": -1.9058599070528712, 
    "reclamar": -1.3114804415135606, 
    "genial": 1.3116908564942864, 
    "tirar": -1.0680727187901196, 
    "velada": 1.0141838577164595, 
    "aceitoso": -1.3199867973765411, 
    "esmerar": 1.0239957817712158, 
    "disfrutar": 1.141592700768632, 
    "vacío": -1.2791511407725444, 
    "excelente": 1.6426290499760414, 
    "cocer": -1.0142049651414928, 
    "mediocre": -1.5778690594741098, 
    "bastante": -0.37371092325254907, 
    "microondas": -1.0844074350967154, 
    "cobrar": -1.2977296268771863, 
    "impecable": 1.9004739698281383, 
    "ideal": 1.855756135010606, 
    "pedazo": -1.052956227434047, 
    "pretencioso": -1.0706530832113215, 
    "maravilloso": 1.2807713464897288, 
    "papa": -0.9490360616778281, 
    "eternidad": -1.0185458930412368, 
    "pasable": -1.1677344286087459, 
    "delicia": 1.1445183325765032, 
    "regular": -2.2663651281622457, 
    "escaso": -1.5430759567255121, 
    "grasoso": -1.5142223575363194, 
    "aceptable": -1.054715840829675, 
    "mal": -1.7398728514785649, 
    "amojar": 1.095434235606092, 
    "encargado": -1.0944507572698572, 
    "desilusión": -0.9984627926863974, 
    "acogedor": 1.352013581910926, 
    "seco": -1.8276473234668547, 
    "adictivo": 1.2802968817918206, 
    "levantar": -0.9974931004850545, 
    "casero": 1.18724675793619, 
    "aburrir": -0.9955480132985253, 
    "volver": 0.4591752335434956
}