{
    "decepción": -0.549047660182556, 
    "atención": 0.9140498638521137, 
    "amable": 0.5988530358533157, 
    "carne": -0.34048225846376784, 
    "menos": -1.3521365361439677, 
    "destacar": 0.5605206063693229, 
    "también": 0.49453795668061123, 
    "frío": -1.2849325472998447, 
    "3": -0.5155333194155933, 
    "terminar": -0.4643577054341823, 
    "0": -0.5313543442126184, 
    "atento": 1.059992757575591, 
    "4": -0.4163690334336356, 
    "recomer": 0.5318171514204634, 
    "gustar": 0.5847980851311352, 
    "queso": -0.395547202634574, 
    "olvidar": -0.549996677796316, 
    "nada": -1.1344668001991287, 
    "riquísimo": 0.7578097520102783, 
    "sabio": 0.457335513103932, 
    "perfecto": 1.0428420634829676, 
    "lento": -0.6153016478592038, 
    "minuto": -1.108878090777821, 
    "desear": -0.7232968266755988, 
    "traer": -1.3740751228932984, 
    "desastre": -1.4059987704152839, 
    "peor": -1.3963798104653793, 
    "pobre": -0.7101360794481586, 
    "decepcionar": -0.6147696142537662, 
    "exquisito": 1.3401263276903623, 
    "arroz": -0.4749210687176573, 
    "delicioso": 1.1187379582504215, 
    "música": 0.5511177969030778, 
    "bueno": 1.0375731981845335, 
    "chef": 0.5009158853654162, 
    "inmejorable": 0.5216274176650527, 
    "tardar": -1.0051510735233895, 
    "abundante": 1.034593380797294, 
    "todo": 0.5105603253170061, 
    "recomendable": 1.576846075733796, 
    "altamente": 0.3138719796397801, 
    "requerir": 0.48196810561702164, 
    "acorde": 0.45647962476386866, 
    "valer": 0.5370659594406261, 
    "muy": 2.0174929348257775, 
    "hermoso": 0.5724206352617051, 
    "favor": -0.450189979918134, 
    "bien": -0.3212743502966214, 
    "horrible": -0.719628660713126, 
    "pagar": -0.347635370891487, 
    "solo": -0.6890831927715194, 
    "encima": -0.7003519576835397, 
    "crudo": -0.9814841603571284, 
    "fresco": 0.7418293461678441, 
    "increíble": 0.8046338865125777, 
    "variar": 0.917989993656993, 
    "aceite": -0.3984756483434552, 
    "olor": -0.4120621353367813, 
    "recalentar": -0.8289406150251168, 
    "caro": -0.9082778573639652, 
    "parecer": -0.6272877112050144, 
    "cara": -0.4242776755283282, 
    "super": 0.9585064959520483, 
    "ambiente": 1.1088996510215803, 
    "sabor": 0.4664412806227447, 
    "luego": -0.6457951342533476, 
    "probar": 0.5485095840444008, 
    "llegar": -0.7379544933486196, 
    "justo": 0.6214803418401833, 
    "bárbaro": 0.3866843138883285, 
    "chorizo": -0.45302085691548, 
    "esperar": -0.5950604953274431, 
    "sucio": -0.6355182143637539, 
    "quemar": -0.5921514401465432, 
    "agradable": 1.0866977884409896, 
    "hora": -0.6880264692255278, 
    "claro": -0.769471780568316, 
    "ambientación": 0.6693363404033623, 
    "cálido": 1.4289432370297532, 
    "lamentable": -0.5900198576469509, 
    "amigo": 0.39070477710281504, 
    "dejar": -1.0434436763966841, 
    "siempre": 0.8642996880259183, 
    "dueño": 0.5498610089364852, 
    "aire": 0.6113966504650176, 
    "rico": 1.0918251972248962, 
    "duda": -1.6968862066381498, 
    "feo": -0.4586034887351375, 
    "recomendar": 1.7443864075706856, 
    "vergüenza": -0.5547650282104281, 
    "milanés": -0.5235554171779968, 
    "freír": -0.6413451271664248, 
    "2": -0.6047800909980434, 
    "variedad": 0.41923486233946744, 
    "cuidar": 0.5037114118723446, 
    "venir": -0.3876794294605299, 
    "demasiado": -0.7684239417359302, 
    "tranquilo": 1.0677778855705864, 
    "familia": 0.3204613359809471, 
    "imperdible": 0.6034127004311639, 
    "detalle": 0.6312792408890863, 
    "placer": 0.4543668801542149, 
    "grasa": -0.47901093751613705, 
    "peso": -0.46686474729455124, 
    "malo": -2.263334515635503, 
    "pollo": -0.5421664425143174, 
    "espectacular": 0.9595240975640303, 
    "tampoco": -0.7023987656131897, 
    "sabroso": 0.7767039554746339, 
    "duro": -1.0876445862552864, 
    "cordial": 0.5426275478081448, 
    "genial": 0.8098281279276082, 
    "esmerar": 0.514185623966684, 
    "disfrutar": 0.7949637400919336, 
    "perder": -0.4323485280606805, 
    "vacío": -0.5690039010571386, 
    "excelente": 1.9330223641513218, 
    "incomible": -0.6943037048158767, 
    "mejor": 0.7500938803150758, 
    "mediocre": -0.5894679800868668, 
    "bastante": -0.6425508113909564, 
    "cobrar": -0.9200464138361563, 
    "medio": -0.5094330205840873, 
    "cuenta": -0.44710563394043046, 
    "impecable": 1.074370960437642, 
    "ideal": 1.0196553212761887, 
    "5": -0.9091839994411963, 
    "ensalada": -0.5179462591529403, 
    "sorprender": 0.3972299516165758, 
    "pedir": -1.1148199653398365, 
    "lugar": 0.6195406795395999, 
    "cómodo": 0.5338852528573993, 
    "ruidoso": -0.568540264636273, 
    "maravilloso": 0.5640233520420577, 
    "postre": 0.4371414208274792, 
    "devolver": -0.4313112229136412, 
    "papa": -0.8227401574992845, 
    "pareja": 0.36703101622246076, 
    "encantar": 1.285457079268063, 
    "regular": -1.0382305482232217, 
    "escaso": -0.7380670425995762, 
    "mesa": -0.6068258357262033, 
    "mal": -1.4697914881380774, 
    "sentir": 0.37251888548520073, 
    "musicar": 0.4521835458216886, 
    "acogedor": 0.4330985527460196, 
    "seco": -1.0711543748042505, 
    "casero": 0.5813187516654421, 
    "después": -0.516625671053652, 
    "volver": 1.7598224791104502
}