{
    "íntimo": 1.1702547166143078, 
    "tratar": -0.46114170576675545, 
    "torio": 1.0881021137692581, 
    "maleducado": -0.9497921377987457, 
    "frío": -1.5984309873233817, 
    "asado": -1.0028199980717305, 
    "nadie": -0.5081720257351412, 
    "atento": 1.3201065596493091, 
    "esmerar": 1.0096469766282816, 
    "desastroso": -1.2398890023775275, 
    "recomer": 1.3385642312565824, 
    "magnífico": 0.8829674272382414, 
    "desilusionar": -0.8737892373575917, 
    "felicitación": 1.1741259326487268, 
    "ruidoso": -0.9954827883656705, 
    "cómodo": 1.1254111428986018, 
    "perfecto": 1.3218531406684486, 
    "lento": -1.0275677135595152, 
    "minuto": -1.3068913689219823, 
    "desear": -1.404, 
    "equivocar": -0.9006713949715864, 
    "traer": -1.4089583053525003, 
    "desastre": -2.191698418810829, 
    "impresentable": -0.9589035411911992, 
    "peor": -1.9839133587709115, 
    "pobre": -1.0466106677615574, 
    "decepcionar": -1.4375008638216011, 
    "colmo": -1.1819946726650783, 
    "exquisito": 2.1046762788846105, 
    "delicioso": 2.025906538276152, 
    "relajar": 0.7359653958274499, 
    "violento": 0.8394903090741944, 
    "inmejorable": 1.379963761689477, 
    "tardar": -1.717453059624369, 
    "abundante": 1.067865185008582, 
    "extracción": -0.8553710907728251, 
    "encantador": 0.7738317839669, 
    "descuidar": -1.070234883550705, 
    "recomendable": 0.7380588311240232, 
    "altamente": 1.0327314739476245, 
    "requerir": 1.249123305383387, 
    "tipo": -0.6865955114646128, 
    "malo": -1.9438572208343654, 
    "oferta": -0.554067015355672, 
    "hermoso": 1.0804787409900467, 
    "crudo": -1.6157606354345537, 
    "precedente": 1.1267766137090482, 
    "horrible": -1.829798464870135, 
    "personalizar": 1.3539543187460892, 
    "súper": 1.022764353827209, 
    "cálido": 2.020502898831579, 
    "calidez": 1.029, 
    "encima": -0.900232326923715, 
    "fresco": 1.2393801119637837, 
    "increíble": 0.9644399246664068, 
    "variar": 1.1139396677633882, 
    "aceite": -1.0362047682749411, 
    "olor": -1.0805303725009754, 
    "caro": -0.8544607118304913, 
    "super": 0.8851536186800889, 
    "vergüenza": -1.5633122564085737, 
    "congelar": -1.1710980826907815, 
    "justo": 1.0472458518933037, 
    "delicia": 1.151577561124379, 
    "cumplir": -0.3762859737075022, 
    "supuestamente": -0.9731965735133177, 
    "bárbaro": 1.219720838400001, 
    "dudar": -1.0179490148012567, 
    "insoportable": -0.9515524660687241, 
    "zafar": -0.9600788590267477, 
    "escaso": -1.2543030569822007, 
    "cincar": -0.6542593854974689, 
    "recalentar": -1.949272239538475, 
    "desagradable": -0.8581074964291715, 
    "sucio": -1.5015024014188196, 
    "quemar": -1.53077029660113, 
    "agradable": 0.9817043083949303, 
    "claro": -1.06450846948269, 
    "lied": 0.5593526130611305, 
    "reclamar": -1.3332329318779268, 
    "lamentablemente": -0.7550635973961703, 
    "buenísimo": 0.947641035259643, 
    "mucho": 0.5894641509288305, 
    "soso": -1.0169643687917476, 
    "espantoso": -1.0832337604524211, 
    "demorar": -0.9494963378452858, 
    "tirar": -1.0091538097122752, 
    "milanés": -1.1312291676718647, 
    "combinación": 0.8493499880621601, 
    "sabroso": 1.1505852578229578, 
    "duda": -1.2527438188565554, 
    "feo": -1.3212300916581279, 
    "recomendar": 0.9771886286711057, 
    "calentar": -1.1555175161098292, 
    "lamentable": -1.6943632441199632, 
    "mitad": -0.940210311887146, 
    "encanto": 0.9713621463449399, 
    "decepcionante": -1.1539738114901792, 
    "adjetivar": 0.44413050347924843, 
    "excepcional": 0.9462427430999159, 
    "patético": -1.0339743281368106, 
    "protocolo": 0.5057184041652423, 
    "aceitoso": -1.2369418756410813, 
    "defraudar": -0.8125965016024584, 
    "pacto": -0.9995848398970053, 
    "rescatable": -1.2752462351955098, 
    "gomoso": -1.2009991544739784, 
    "tranquilo": 1.5498997590608186, 
    "exquisitez": 0.9339437928693622, 
    "puntito": 0.7792338202679541, 
    "imperdible": 1.795258665050874, 
    "limpio": 1.0403962228029948, 
    "insulso": -1.3447314339876677, 
    "confortable": 1.0323875387035282, 
    "lechuga": -1.1972307937893454, 
    "placer": 1.0864615607479255, 
    "grasa": -1.5485512680158517, 
    "riquísimo": 0.9740953850504698, 
    "degustación": 1.0145339081562588, 
    "insípido": -1.3459344221551905, 
    "estupendo": 1.0135128267809976, 
    "flojo": -0.6033669919605068, 
    "accesible": 0.9760816868822458, 
    "espectacular": 1.4638571840151835, 
    "tampoco": -1.0681584625856306, 
    "sublime": 0.9595087267216096, 
    "cocer": -1.0692217260035357, 
    "duro": -1.5366079900286849, 
    "cordial": 1.2478551824460178, 
    "genial": 1.2714699614969414, 
    "desabrida": -0.8577387007961341, 
    "velada": 0.8639407094976007, 
    "negociación": -0.7735986978988348, 
    "mundo": 0.408855570955112, 
    "disfrutar": 1.039903428648361, 
    "vacío": -0.858009104730645, 
    "excelente": 1.8524829687957312, 
    "incomible": -1.9016709939812313, 
    "mediocre": -1.4448053333221278, 
    "microondas": -0.9401046808306106, 
    "cobrar": -1.2836178885254796, 
    "ignorar": -0.5043600433911749, 
    "impecable": 1.271164154330672, 
    "ideal": 1.5094638537280227, 
    "lastimar": -1.0718213527133535, 
    "pedazo": -1.0111380151337932, 
    "pretencioso": -0.8991448657496115, 
    "maravilloso": 1.2494970010450954, 
    "papa": -0.9951936846486852, 
    "eternidad": -0.9662753791585601, 
    "pasable": -1.194, 
    "encantar": 1.6804480531679216, 
    "regular": -2.133406537634183, 
    "aceptable": -1.0366761791446686, 
    "grasoso": -1.4011651431922016, 
    "estado": 0.43873915475302583, 
    "mal": -1.289876809908602, 
    "amojar": 0.5231522546112052, 
    "encargado": -0.9518143156605295, 
    "desilusión": -0.40868171264107805, 
    "hervir": -1.1680859807837005, 
    "acogedor": 1.3521829531762393, 
    "seco": -1.3462052236602473, 
    "adictivo": 1.2656786936269802, 
    "levantar": -0.9778069745235047, 
    "casero": 0.9161940612793814, 
    "aburrir": -0.8813110427640355, 
    "clima": 1.0078741809502763
}