{
    "decepción": -1.6872455330873786, 
    "atención": 1.0814831234299394, 
    "íntimo": 1.254737628732734, 
    "carne": -0.9371009418282964, 
    "hervir": -1.2771800769548907, 
    "verdad": -0.502362536217976, 
    "mucho": -0.8816385045378196, 
    "sublime": 0.977, 
    "poco": -0.6911509823933104, 
    "maleducado": -0.9729428571394448, 
    "frío": -2.28024788597026, 
    "asado": -1.2420786645344197, 
    "0": -0.40484751017553494, 
    "atento": 1.580720257588662, 
    "decir": -0.30621865078908617, 
    "lamentablemente": -1.1471740726751674, 
    "recomer": 1.654037385177673, 
    "magnífico": 0.98, 
    "desilusionar": -0.963, 
    "felicitación": 1.3353546555448337, 
    "nada": -0.3650228890847228, 
    "riquísimo": 1.9419895386936163, 
    "perfecto": 1.4426989359027507, 
    "lento": -1.1575871953465449, 
    "minuto": -1.420650324519765, 
    "desear": -1.4587177610154134, 
    "equivocar": -1.1423683492494148, 
    "traer": -2.118259320837176, 
    "desastre": -2.442047595635218, 
    "impresentable": -0.962, 
    "peor": -2.065969221805724, 
    "pobre": -1.6530152537049736, 
    "decepcionar": -1.542, 
    "colmo": -1.2954675339736266, 
    "exquisito": 2.217260551717539, 
    "insoportable": -0.9781481476306094, 
    "delicioso": 2.1836865499415206, 
    "bueno": 0.7796926792839503, 
    "relajar": 1.2720993374590908, 
    "soso": -1.051817460311256, 
    "inmejorable": 1.6365007342129956, 
    "tardar": -2.3584577303044156, 
    "abundante": 1.420847229537254, 
    "encantador": 0.9972304625004288, 
    "descuidar": -1.1680681089719276, 
    "recomendable": 2.09326111205501, 
    "altamente": 1.3650375937429913, 
    "requerir": 1.246, 
    "degustación": 1.0449471511571131, 
    "muy": 1.6792206523682913, 
    "hermoso": 1.2018717606152591, 
    "súper": 1.1273793470796714, 
    "crudo": -1.9229327036203212, 
    "lastimar": -1.1030135800851164, 
    "estar": -1.5632730963102335, 
    "horrible": -1.9157695249538433, 
    "personalizar": 1.471710263606155, 
    "increíble": 1.188192774633872, 
    "calidez": 1.029, 
    "encima": -1.387215306000057, 
    "papa": -1.6344867193778154, 
    "calentar": -1.3427956203727023, 
    "siempre": 0.3778073396341106, 
    "variar": 1.1861140039396776, 
    "aceite": -1.2669617948703742, 
    "olor": -1.2354014579243873, 
    "caro": -1.2748829795508287, 
    "parecer": -0.7462305718581845, 
    "super": 1.5711298190803962, 
    "vergüenza": -1.6141944884074073, 
    "congelar": -1.176, 
    "justo": 1.1058698355617538, 
    "delicia": 1.2091219511436049, 
    "supuestamente": -1.012, 
    "bárbaro": 1.291, 
    "dudar": -1.0336137970069008, 
    "desabrida": -1.0442748372485295, 
    "zafar": -1.362, 
    "clima": 1.1324635640643494, 
    "recalentar": -2.58987158078737, 
    "desagradable": -1.0759533157379888, 
    "sucio": -1.5229983140103331, 
    "quemar": -1.7034245315601786, 
    "agradable": 1.345375277657643, 
    "claro": -1.1816345993808934, 
    "reclamar": -1.3752082615461068, 
    "desastroso": -1.25, 
    "buenísimo": 1.101, 
    "patético": -1.046, 
    "cálido": 2.6113558587074697, 
    "espantoso": -1.116, 
    "demorar": -1.0263474178101655, 
    "mitad": -1.008098353258651, 
    "único": -0.6957504881823137, 
    "combinación": 1.1543801324836034, 
    "llegar": -0.4295844080259627, 
    "duda": -1.1242072796434879, 
    "feo": -1.4196243889311972, 
    "recomendar": 1.094956780677645, 
    "mozo": -0.6047917002537428, 
    "lamentable": -1.780379816367993, 
    "milanés": -1.3049891364608832, 
    "encanto": 0.9975865384564487, 
    "decepcionante": -1.2085054945024696, 
    "excepcional": 0.987, 
    "defraudar": -0.996, 
    "pacto": -1.007, 
    "rescatable": -1.3183951176417894, 
    "gomoso": -1.3445576266163273, 
    "tranquilo": 1.8706088320206355, 
    "ambiente": 1.2920571040468178, 
    "exquisitez": 0.96, 
    "imperdible": 1.832, 
    "limpio": 1.0, 
    "insulso": -1.425441379792537, 
    "confortable": 1.0737101336947934, 
    "lechuga": -1.3025054945024694, 
    "placer": 1.1879206144406593, 
    "grasa": -1.6590175035602117, 
    "malo": -2.742560123131898, 
    "tener": -0.5972485931132457, 
    "insípido": -1.3729139072801895, 
    "estupendo": 1.0286216216171475, 
    "flojo": -1.073586092711064, 
    "accesible": 1.0044764658584548, 
    "pollo": -0.3095940832183296, 
    "espectacular": 1.4633811177281453, 
    "tampoco": -1.046738251073691, 
    "sabroso": 1.3930611663839227, 
    "cocer": -1.102981289825793, 
    "duro": -2.107715413230242, 
    "cordial": 1.3755283355656176, 
    "genial": 1.3215343511385234, 
    "tirar": -1.0608352994191612, 
    "pretencioso": -0.9756349206225119, 
    "velada": 1.1077015346376886, 
    "aceitoso": -1.3037173501096357, 
    "esmerar": 1.06569529362057, 
    "disfrutar": 1.2415733814372825, 
    "vacío": -1.330341752811759, 
    "excelente": 2.2897925061950675, 
    "incomible": -2.1561670584799266, 
    "mediocre": -1.559059122887881, 
    "freír": -0.32223640357668104, 
    "bastante": -0.8791141132873668, 
    "microondas": -1.256931111035057, 
    "cobrar": -1.456775850733924, 
    "impecable": 1.8674435226659118, 
    "ideal": 1.8261373620599584, 
    "5": -0.34210815700853814, 
    "pedazo": -1.0449725844689688, 
    "pedir": -1.2548095135944686, 
    "lugar": 1.6668797097350714, 
    "cómodo": 1.1789285867081951, 
    "ruidoso": -1.075938344036032, 
    "maravilloso": 1.2892515566617369, 
    "fresco": 1.4279086750670837, 
    "eternidad": -1.0339917209523395, 
    "pasable": -1.194, 
    "encantar": 1.6639980101695426, 
    "regular": -2.257770245798456, 
    "escaso": -1.523811770245592, 
    "grasoso": -1.4899108456235015, 
    "salsa": -0.30812009482595965, 
    "mesa": -0.384043561688653, 
    "aceptable": -1.0514714285660918, 
    "mal": -1.9420456046467571, 
    "amojar": 1.118, 
    "encargado": -1.1167530688291836, 
    "desilusión": -1.288, 
    "acogedor": 1.4411181415021306, 
    "seco": -1.9402870232765168, 
    "adictivo": 1.276, 
    "levantar": -1.0035054945024695, 
    "casero": 1.1222571295756363, 
    "aburrir": -1.0026796757538206
}