{
    "este": 0.5582302720396107, 
    "bueno": 0.8307980608702983, 
    "tener": 0.3569942562743997, 
    "vicioso": 0.7286473073875085, 
    "bugs": -0.5207939189948907, 
    "jeje": 1.2915751229465082, 
    "ap": 0.5594982456102183, 
    "menos": -0.503443732631263, 
    "excelente": 1.070925010576117, 
    "mejor": 0.8469863196359511, 
    "salir": -0.904060014950491, 
    "recomendable": 0.3857430731952425, 
    "ver": 0.7727161668250276, 
    "contraseña": -0.9413901284758663, 
    "recomendar": 0.46771126935790575, 
    "juego": -0.5967239062246938, 
    "vez": 0.32852342117581385, 
    "divertir": 0.3589912045128432, 
    "quedar": -0.5026685569976811, 
    "5": 0.8217969465853451, 
    "hecho": 0.3921748072498496, 
    "gustar": 0.6795244618917683, 
    "seguridad": -0.9437959426622301, 
    "verdad": 0.357977271245, 
    "historia": -1.43414928528236, 
    "encantar": 0.34174056222806515, 
    "muy": 1.4698065145216577, 
    "ofrecer": -0.31369049468539445, 
    "dar": 1.2759268805479362, 
    "parecer": -0.4074826186168291, 
    "super": 0.8935503548549328, 
    "hacer": 0.34698904801273783, 
    "dulce": 0.7272650234838743, 
    "entretener": 0.5527798934689778, 
    "buscador": -0.3323147572901221, 
    "atrancar": 0.7266403819013285, 
    "felicidad": -0.7782803580203688, 
    "nunca": -0.4782659481701495
}